Arrival at Time,Product finished at Time
63.15916392,95.51615264
65.9025397,102.2946177
100.5670255,108.8762172
101.0579579,115.8033948
146.4227904,283.226667
176.5664248,326.1165465
187.4877457,349.4127078
195.1088716,366.3914801
204.8543522,382.9804168
305.0603411,443.4962637
390.8108245,476.3065803
404.6509172,501.6006649
430.0596419,553.0125476
524.5706223,574.4939487
555.6084202,574.579716
590.6211648,599.958198
603.8007332,610.2913693
608.1043065,615.4520392
669.396343,695.3688874
682.3360481,702.1888337
703.6985927,721.4241744
709.630061,728.5447183
717.5031562,768.7223904
726.1427377,792.4899895
734.0241531,807.6857843
751.4849621,815.4883451
759.7560794,836.2216717
778.8416268,908.9472668
795.2764335,932.0537786
804.7521978,967.9807041
819.3739226,1050.223025
824.1202039,1081.076517
845.7542037,1097.745256
862.4857089,1136.766245
906.6936458,1220.721853
913.476312,1237.289381
1004.245288,1239.060554
1044.024591,1280.385297
1049.176422,1360.297751
1111.934968,1401.505643
1129.484671,1419.252133
1194.696006,1425.641917
1257.387605,1438.497661
1271.008518,1439.035877
1277.508352,1477.088221
1327.5835,1510.766674
1347.908492,1516.293192
1369.842791,1578.698572
1374.311223,1589.055899
1396.155249,1594.187993
1418.496856,1595.127321
1448.028697,1657.509143
1469.963502,1701.227354
1482.237298,1752.319799
1525.851275,1761.658312
1526.86428,1788.420927
1571.089,1828.115284
1635.528487,1837.836449
1644.437145,1838.265867
1651.88745,1877.458774
1676.992742,1886.113151
1707.49256,1903.017812
1720.939299,1928.980067
1820.919329,1981.000841
1862.279196,1991.607641
1889.057273,2030.18797
1936.066494,2066.026464
1970.651156,2091.154394
1992.703446,2304.916686
2041.666415,2375.154737
2112.534908,2425.678998
2170.132938,2505.058216
2192.548166,2505.242025
2226.9235,2580.010407
2299.919963,2625.38806
2313.818477,2635.676699
2396.640635,2641.846236
2400.469591,2645.185872
2408.93068,2655.518708
2409.715039,2691.019089
2485.80487,2727.902585
2485.868864,2731.399407
2512.199309,2752.804585
2533.493045,2772.462521
2587.747868,2818.833915
2641.345112,2823.179249
2761.16392,2839.445101
2777.047582,2845.640788
2826.51933,2936.023822
2835.23147,2949.601005
2879.444199,2949.634975
2946.705288,2971.863329
2981.960293,2992.493971
3011.192102,3035.689118
3038.232607,3068.600585
3051.58565,3189.581707
3064.536344,3302.244777
3096.302529,3303.084337
3175.265834,3315.362274
3217.558121,3335.960307
3256.060782,3341.398653
3472.817386,3482.25502
3525.197899,3569.42236
3550.915753,3668.334801
3596.993507,3709.22615
3634.781366,3722.769352
3671.704701,3724.583954
3698.098357,3741.850698
3740.007435,3747.489449
3837.885247,3898.754887
3838.48623,3905.405506
3855.790731,3943.037881
3919.291435,3950.946752
3919.612968,3969.508193
3930.880409,4004.757084
3935.091954,4051.841343
3992.125476,4059.310106
4005.832761,4064.931541
4060.69307,4101.312927
4075.020377,4104.7743
4090.370847,4118.537789
4090.618771,4125.790414
4095.814299,4132.656232
4195.695688,4209.149542
4228.698138,4267.686609
4260.96364,4289.251659
4300.442293,4326.13934
4331.749418,4335.80572
4339.528322,4345.159938
4355.723844,4375.018306
4380.691056,4381.800149
4486.601618,4512.257442
4509.288244,4537.533656
4527.518469,4555.128401
4574.403265,4628.614779
4633.142908,4692.673545
4644.118354,4734.282036
4710.592711,4749.06148
4716.722851,4761.995308
4741.509834,4788.188231
4759.685099,4815.538841
4810.42715,4859.14993
4842.046135,4870.932628
4899.377205,4965.653232
4918.775939,5007.556075
4998.668095,5048.113295
5065.012013,5086.542596
5096.911618,5111.20551
5102.123932,5132.036333
5107.233945,5144.305368
5115.795627,5175.65589
5185.432917,5194.404824
5219.581277,5345.088059
5246.336325,5366.825591
5303.075097,5372.022889
5341.511892,5400.703204
5348.509661,5400.859856
5365.316645,5416.352449
5407.473673,5422.540313
5526.442519,5550.342784
5540.583611,5618.068045
5551.075866,5628.075891
5579.927847,5694.9739
5586.48978,5695.848812
5587.639226,5737.094174
5634.841265,5746.303181
5689.191086,5750.677743
5720.843103,5754.759187
5788.569307,5849.953156
5895.969021,5897.202877
5901.90493,5924.369131
5903.506283,5926.347723
5917.470593,5939.442447
5946.947741,5995.750947
5950.318736,6025.653781
6054.517781,6070.176032
6081.493127,6108.804052
6105.531809,6149.907187
6117.636791,6162.972029
6132.556578,6185.237386
6161.957943,6229.304695
6197.836646,6237.077754
6221.669299,6255.246896
6235.813249,6337.306046
6290.993231,6426.793794
6331.036345,6451.138436
6379.559716,6458.856325
6454.113418,6506.759318
6502.403187,6541.36804
6571.885822,6572.131748
6592.659059,6617.549505
6652.314242,6691.351027
6663.275509,6711.226431
6796.311166,6797.914413
6810.153595,6861.371955
6844.325612,6882.682149
6883.124495,6906.404215
6944.220949,6947.126298
6994.838347,7019.712877
7052.984079,7057.911909
7059.721646,7107.097157
7120.802955,7150.217727
7126.11421,7157.736322
7169.912861,7170.635658
7207.351672,7284.585924
7227.837,7323.506475
7312.557259,7440.808211
7392.487597,7460.201411
7400.166909,7484.366057
7482.647615,7503.214254
7544.940362,7551.445195
7700.189117,7713.019517
7705.906309,7757.685821
7775.875835,7902.307908
7797.399784,7938.451968
7845.457863,8059.037351
7861.491948,8104.020765
7883.350682,8106.536728
7899.920306,8141.311179
7936.373926,8142.401851
7972.044044,8198.495411
8003.63798,8306.223616
8012.228214,8324.382945
8012.861751,8430.901774
8101.51019,8492.775592
8103.643756,8507.71801
8109.334372,8548.901152
8118.787075,8571.708866
8125.679251,8585.957837
8143.399564,8647.493551
8150.008038,8662.698414
8175.647499,8670.402825
8194.622205,8676.213772
8200.477986,8678.072796
8213.504328,8736.95572
8257.705818,8744.410902
8297.213617,8786.869988
8312.838009,8815.499412
8340.499737,8818.883194
8344.818844,8820.039864
8387.802752,8832.912879
8460.978793,8847.893474
8482.511492,8851.94718
8502.484316,8994.888905
8514.040532,9025.637594
8566.536289,9032.044341
8602.983214,9096.849219
8607.410067,9148.333731
8637.162704,9159.504149
8669.803874,9207.897325
8672.435333,9227.456128
8874.658666,9235.577682
9008.844392,9286.552841
9008.913043,9308.999335
9025.384164,9312.830375
9054.270169,9324.323404
9081.626854,9395.579553
9208.834929,9402.062795
9254.544654,9516.446043
9255.32199,9528.600643
9292.396884,9529.895197
9317.651952,9565.077041
9333.987601,9566.883244
9335.299273,9570.966772
9343.052468,9578.479132
9390.901167,9603.657573
9430.251443,9621.46038
9486.835881,9722.920573
9552.683827,9779.280872
9570.418124,9788.736942
9577.726586,9832.86863
9591.16573,9836.984425
9626.254128,9897.601462
9688.100854,9902.536061
9775.290031,9904.301543
9805.92779,9918.367619
9814.279311,9923.820779
9846.062896,10005.73106
9927.695356,10057.30798
9969.88285,10093.264
9998.890818,10095.97959
10039.13067,10104.44589
10048.10315,10135.72397
10051.67032,10158.89893
10109.13796,10195.44773
10120.65015,10248.31317
10144.64669,10357.6965
10149.69185,10464.2851
10171.05025,10508.66628
10273.00183,10628.42293
10277.14,10643.66876
10282.4888,10686.61484
10361.40988,10694.07302
10405.69574,10713.21105
10411.0704,10723.21455
10473.68864,10755.67351
10557.34833,10757.0533
10565.44289,10776.98354
10605.24663,10791.46466
10657.85166,10858.14621
10687.79889,10885.47366
10700.27567,10890.40983
10736.07218,10913.76943
10757.2437,10925.70252
10767.19866,11005.11037
10777.02081,11020.83134
10806.87006,11036.38612
10871.04976,11052.59322
10880.09074,11108.37145
10880.12674,11132.43712
10885.19079,11147.03933
10908.63909,11176.04489
10927.80788,11179.76604
10933.04323,11219.4683
10940.52178,11230.19763
10999.15478,11238.66745
10999.45339,11249.09038
11011.93411,11285.20117
11091.65337,11304.09602
11108.97312,11361.76185
11119.55856,11418.0482
11132.16568,11476.02976
11152.24122,11489.58449
11160.38142,11552.69834
11167.07591,11569.61047
11190.56138,11612.32621
11210.03669,11738.77961
11210.96099,11755.70482
11243.8243,11773.39124
11252.35399,11792.46543
11305.7054,11812.06841
11324.25605,11864.86226
11358.44253,11874.79801
11375.46954,11880.53109
11419.76098,11890.67923
11525.65315,11992.84817
11542.86242,12050.62413
11559.17817,12076.00028
11614.53645,12097.87356
11654.42791,12124.99029
11699.95356,12126.83983
11705.33772,12141.6841
11738.72897,12257.28669
11740.81315,12296.17444
11771.45172,12307.36474
11772.77016,12425.60388
11783.12269,12439.19155
11873.46208,12499.72245
11929.33281,12503.39668
11961.53296,12518.47518
11964.89998,12519.08593
12044.11869,12549.76289
12114.73896,12602.26448
12161.80586,12611.76956
12180.08448,12612.63843
12197.84813,12639.61839
12264.56768,12660.03688
12294.94587,12663.45787
12303.12801,12683.21147
12337.44099,12729.7619
12354.21807,12763.24492
12424.1161,12766.20311
12426.70594,12806.91197
12456.21179,12819.68151
12466.65553,12829.40165
12492.38251,12832.44644
12529.91616,12863.54846
12538.55199,12889.23222
12616.38997,12929.25707
12649.15246,12983.15778
12703.14887,12988.23445
12737.27562,12988.52388
12756.83027,13013.94334
12834.63461,13042.453
12888.48634,13051.94649
12892.24084,13053.11366
12925.45909,13069.5143
12956.149,13215.97516
12969.23227,13229.6359
12992.83098,13272.21827
13030.23023,13294.97416
13032.21123,13323.50985
13067.7714,13415.39199
13069.0498,13423.73547
13098.01375,13497.40674
13136.9909,13508.74693
13248.07157,13514.91177
13276.2063,13564.36951
13366.61907,13629.26092
13377.95815,13644.73087
13407.19576,13655.04231
13438.2305,13663.21974
13455.15497,13667.88787
13502.87925,13684.36161
13546.31198,13702.06582
13551.51504,13702.63978
13593.61375,13720.40214
13617.14733,13728.60963
13636.76595,13736.58118
13648.86119,13738.90265
13657.8252,13746.72364
13686.0338,13806.39107
13692.79546,13839.44016
13692.81265,13840.02444
13695.87099,13862.81283
13739.7162,13910.33668
13750.30754,13916.46014
13753.84065,13924.20238
13761.5648,13978.37928
13784.7101,13996.03506
13821.31237,14018.28231
13837.01166,14054.586
13858.00416,14059.13642
13867.1118,14070.91705
13876.23476,14080.47553
13899.32288,14085.9998
13907.14449,14129.98824
13944.00916,14142.43234
13945.22474,14153.08711
13953.18047,14178.3744
13983.48749,14233.63852
14027.56132,14276.68042
14043.68478,14288.19066
14134.68532,14291.04246
14168.66482,14314.07264
14176.87128,14335.58168
14182.23625,14352.20023
14188.43543,14362.06824
14194.55123,14407.49842
14248.40001,14436.7873
14279.78631,14452.38213
14371.90179,14459.51715
14377.61329,14481.47647
14387.11219,14507.09061
14401.13876,14513.89294
14434.20825,14540.49834
14495.06865,14546.08814
14504.91768,14554.53502
14717.33734,14745.27306
14742.61143,14817.72378
14880.40826,14895.12824
14880.88992,14901.76596
14885.89599,14915.34307
14977.28002,14979.91934
14979.51897,14982.25896
15010.27739,15096.48122
15114.91529,15254.68558
15133.39292,15266.32929
15140.3376,15266.65478
15148.97459,15270.80234
15166.34823,15286.59379
15350.04712,15365.50308
15426.27056,15431.23398
15437.76842,15460.79646
15474.73524,15510.36678
15495.05402,15515.20041
15498.08154,15528.33386
15542.81587,15575.46987
15555.54128,15593.23065
15587.57664,15605.65011
15610.72237,15643.44011
15636.24645,15653.90938
15639.92246,15657.18543
15663.87729,15682.09092
15688.85347,15751.19443
15713.95163,15786.24529
15728.84215,15852.43962
15730.66338,15917.87628
15790.94278,15938.37876
15805.87276,15942.99002
15841.68598,16001.82961
15858.73531,16002.40534
15882.53846,16069.78922
15939.82333,16074.17239
15958.53908,16099.68787
15986.89655,16121.33801
16014.16397,16126.69898
16025.26261,16238.37158
16034.29328,16241.28834
16039.3546,16245.02636
16052.42019,16273.14732
16092.12558,16305.52381
16120.08695,16345.82065
16140.51829,16346.98186
16144.34987,16355.72343
16178.61159,16362.41045
16183.65948,16364.01175
16191.69088,16428.58302
16269.25951,16511.62689
16284.15685,16652.26562
16299.9541,16680.2177
16376.71859,16709.91076
16411.48537,16720.0918
16451.1806,16746.60462
16496.64376,16764.40633
16532.3271,16768.62863
16597.29169,16820.22891
16616.67061,16866.30424
16661.72193,16882.10989
16710.85495,16908.80755
16734.50008,16969.13479
16814.32028,16984.59894
16882.56711,17020.84565
16947.79222,17082.58463
16958.35453,17106.40246
16977.9558,17234.31599
17090.16022,17347.94925
17095.65219,17360.82361
17111.99797,17437.09115
17125.51029,17477.58664
17142.85805,17491.86341
17199.34668,17509.33707
17249.04922,17520.6555
17250.52596,17532.34311
17257.96805,17548.61575
17273.6891,17555.23955
17280.71566,17580.89739
17300.97553,17586.16258
17329.3377,17606.42525
17329.34188,17612.73459
17349.72093,17684.00165
17437.96343,17702.2389
17476.59031,17724.57963
17558.41123,17743.0709
17560.89326,17776.65663
17600.57598,17786.8433
17601.80887,17842.88761
17667.37992,17884.80142
17690.90516,17901.07504
17711.86557,17954.64589
17747.80879,17964.37316
17757.07142,17978.09546
17804.59985,17981.93197
17805.09484,17989.38414
17819.6812,18063.5001
17850.08603,18081.0769
17867.38941,18115.65517
17869.0915,18118.75847
17897.17027,18145.68946
17910.93373,18149.28427
17915.17418,18192.87153
17917.23343,18200.27715
17971.12673,18203.98942
17999.48585,18209.72163
18005.0082,18211.94723
18008.92485,18318.52738
18063.06982,18331.92805
18100.31796,18338.90132
18101.34683,18365.00327
18153.55049,18408.48388
18165.3393,18436.29772
18209.79569,18438.20292
18216.94572,18462.82747
18263.16858,18560.33168
18266.93928,18611.71152
18270.21406,18691.91981
18298.60691,18708.36978
18315.16435,18720.54905
18329.46412,18740.96735
18338.08543,18849.02771
18345.2532,18856.31599
18353.72903,18917.64645
18363.85437,18918.47276
18393.62992,18927.72975
18405.21769,18930.44867
18506.28663,18953.16437
18601.35601,18956.82793
18615.77685,18962.92057
18616.77002,18963.68068
18671.90333,18982.6336
18682.25243,19026.80458
18752.21364,19128.10525
18766.15546,19215.81641
18814.22962,19232.92931
19008.70792,19235.8118
19019.42949,19295.00763
19022.54845,19380.01517
19086.08535,19417.85222
19147.13253,19495.2577
19150.68478,19529.3938
19188.36817,19536.7233
19214.70988,19584.89563
19249.42738,19592.66167
19273.1543,19658.49765
19304.69335,19673.49816
19307.93511,19684.20608
19333.76333,19689.30788
19338.00516,19749.86476
19359.74738,19814.09106
19365.43972,19843.2597
19410.28784,19999.97148
19524.57053,20039.25939
19536.87107,20056.90845
19556.10573,20076.39853
19558.48782,20121.60485
19570.1271,20136.16531
19591.7155,20142.81145
19596.51207,20143.51345
19670.56989,20177.63935
19732.60224,20188.51035
19737.45686,20263.58371
19767.06423,20268.10316
19783.15378,20278.54564
19832.33466,20286.68086
19850.38993,20334.5221
19865.56782,20334.89461
19873.21243,20361.19514
19898.64945,20365.93636
19943.39329,20376.47642
19962.36631,20384.36983
20054.7775,20390.93892
20081.03788,20398.72042
20134.15826,20416.66689
20152.49282,20423.18985
20157.5967,20499.71807
20162.44162,20508.70034
20186.45875,20510.91294
20187.79721,20512.97776
20234.39534,20536.5162
20245.37545,20541.30013
20248.80149,20608.13534
20269.05697,20727.277
20291.90289,20727.74071
20297.52194,20730.90177
20311.57952,20804.61223
20318.62638,20861.26837
20350.38016,20867.03709
20383.28562,20873.18313
20396.9764,20873.56064
20400.81408,20933.77356
20406.68438,20948.88677
20423.32242,20950.029
20438.72082,20975.81342
20440.61473,20991.02518
20482.84685,21038.42807
20574.75661,21054.61889
20589.38706,21077.26798
20617.64629,21098.9289
20658.47664,21127.27619
20689.54298,21148.59322
20706.11285,21150.37558
20715.90792,21158.48216
20777.69401,21204.5886
20808.37119,21254.70939
20858.84574,21367.47581
20915.28487,21411.72068
20963.75584,21412.54618
20964.17947,21516.25557
20966.98785,21558.67128
20977.45853,21581.73441
21006.41422,21598.27066
21021.3737,21628.60703
21057.83283,21632.10216
21092.87004,21661.4892
21099.58713,21675.5836
21099.96875,21739.15508
21131.92253,21778.19384
21136.95253,21816.52955
21275.51135,21878.77919
21284.30681,21887.7975
21289.29289,21898.45945
21297.17105,21932.91555
21301.71321,21939.84585
21325.1284,21955.33515
21345.69829,22028.44524
21453.61845,22061.8315
21454.75148,22080.96017
21483.68897,22104.7087
21499.24294,22142.28743
21513.06984,22156.57711
21544.61755,22184.47016
21561.37832,22208.7506
21587.19868,22310.87389
21594.06817,22321.38651
21602.8233,22324.09591
21605.83511,22329.43689
21614.28335,22333.32517
21658.94824,22373.25693
21663.19762,22393.4779
21693.28212,22447.02958
21704.1683,22452.59848
21736.7207,22473.26387
21757.27294,22533.3363
21849.27541,22630.18277
21910.72616,22637.09227
21919.90503,22739.92527
21973.87902,22774.88703
21988.17043,22780.67214
22009.56263,22856.51688
22037.55704,22856.85876
22039.40778,22865.68554
22082.89802,22886.16659
22087.19363,22903.19533
22098.73289,22913.88655
22131.13723,22924.86458
22158.73065,23059.85691
22164.93007,23073.20712
22173.79157,23089.30979
22216.70689,23097.34311
22222.29536,23143.59512
22224.88721,23185.50413
22242.25271,23196.38669
22317.60371,23241.91333
22364.56309,23334.59345
22457.44868,23342.84207
22506.98409,23344.61703
22537.19926,23354.35215
22546.32145,23368.1347
22554.11598,23384.50149
22580.97405,23401.26107
22584.77633,23444.56735
22610.32568,23518.99065
22618.63297,23533.16633
22629.43119,23544.77871
22635.03997,23554.56663
22786.16006,23571.12966
22832.23985,23583.07373
22838.13193,23588.04136
22946.9934,23610.51468
23010.25715,23617.14259
23019.27915,23619.98651
23020.58401,23672.36349
23038.29481,23673.90309
23045.3769,23686.8454
23053.5883,23727.69993
23059.65114,23740.28574
23065.74675,23768.42734
23070.5038,23798.68578
23142.08234,23816.85508
23155.0367,23872.97084
23157.80385,23877.90812
23160.82415,23950.4072
23163.62798,23972.82188
23173.86779,24037.33131
23279.42321,24085.04548
23300.36575,24090.53055
23307.32649,24139.33843
23311.42313,24163.52354
23321.71392,24184.15145
23326.21774,24198.9057
23358.57594,24204.39517
23405.33997,24365.55284
23520.41983,24392.09694
23555.87846,24396.01619
23576.42035,24439.70581
23581.56281,24485.68587
23599.27738,24536.98447
23618.00445,24547.82269
23626.39465,24568.09268
23647.02523,24574.80276
23719.50862,24584.39951
23720.41844,24590.32649
23741.82854,24596.4241
23783.40545,24614.05594
23784.2116,24629.64813
23867.80855,24694.79395
23903.36397,24703.39367
23920.7605,24740.95352
23956.37214,24778.31711
23962.928,24793.84915
23970.80156,24823.81819
23976.1138,24886.8133
23978.43834,24912.84148
24024.27751,24938.04709
24038.84694,24972.14943
24121.6778,25001.16905
24150.17805,25009.84803
24210.20118,25024.15635
24228.45314,25068.16322
24264.80584,25071.06604
24290.02566,25080.61161
24336.82607,25104.26388
24349.29982,25108.38163
24385.29906,25176.01737
24439.4191,25272.5243
24454.79218,25314.67795
24517.87181,25363.38906
24543.54924,25365.00361
24551.75609,25381.75864
24629.14524,25412.61373
24673.94336,25429.78255
24725.89655,25439.36339
24736.31279,25490.16209
24868.73983,25531.49808
24936.489,25585.33722
24969.62602,25645.01396
24973.88883,25645.55942
24995.98166,25648.34218
25009.00425,25650.44662
25034.51021,25693.98274
25065.42149,25710.96982
25095.48165,25734.18663
25133.41278,25735.28919
25168.97025,25745.29904
25189.32694,25787.09401
25224.8191,25800.47977
25255.5014,25823.43935
25296.74532,25914.08668
25330.00922,25928.41339
25417.7459,25994.71711
25427.09666,26035.10351
25449.00983,26038.86913
25450.87716,26067.96017
25464.2931,26106.03614
25464.38639,26124.64864
25464.89051,26132.53939
25485.56625,26184.31528
25494.29357,26189.36701
25510.11608,26219.2572
25595.10911,26233.71937
25595.5559,26321.34507
25642.61705,26346.72259
25653.94527,26400.68714
25685.52879,26401.57844
25700.07445,26402.43774
25729.51579,26419.74956
25777.44132,26468.2553
25782.11989,26485.6437
25836.15558,26490.36123
25849.60463,26490.45625
25859.51551,26502.25568
25912.23268,26508.5258
25980.12574,26588.42695
25983.54092,26597.39925
26088.85744,26678.61433
26102.20971,26733.31691
26106.43901,26769.38309
26197.69789,26777.06346
26212.20577,26792.63767
26245.49873,26801.15357
26263.32599,26805.50089
26284.22036,26823.55945
26298.8776,26823.95525
26323.62733,26826.2164
26341.47866,26888.24405
26353.81926,26929.95313
26356.22726,26940.80654
26397.91405,26976.2095
26507.6642,26976.7274
26508.57644,27010.85595
26520.79316,27014.02013
26537.25344,27029.71907
26554.32124,27035.97196
26564.62667,27066.14945
26582.78739,27085.95765
26598.16138,27229.66637
26612.64397,27262.77197
26638.98157,27264.59353
26662.51467,27316.46983
26697.85876,27352.87721
26704.88731,27391.47708
26728.60513,27401.88316
26748.36674,27407.01049
26807.77595,27460.98875
26819.81542,27463.54385
26956.52837,27465.20249
26982.22085,27480.6048
27010.78166,27488.20726
27031.04685,27529.05059
27127.51062,27594.41338
27185.58636,27604.89898
27217.09976,27639.04548
27299.10729,27647.72136
27314.46544,27670.65962
27316.6102,27750.52628
27331.84094,27755.724
27332.72243,27859.19849
27364.94691,27996.14809
27390.42294,28030.73291
27406.07363,28059.30068
27498.73301,28086.01436
27503.62542,28139.64949
27553.56805,28167.51928
27559.99062,28193.4527
27575.78623,28226.16384
27583.49308,28258.744
27633.94422,28268.698
27635.11508,28302.00044
27783.01374,28343.07735
27783.8422,28482.54297
27797.75689,28505.41744
27890.37476,28524.41741
27916.49636,28575.94219
27951.11316,28584.2998
28034.97552,28598.39785
28132.77458,28609.56695
28163.71522,28675.59618
28212.50602,28748.62029
28218.18926,28852.75837
28233.51267,28885.05162
28303.48541,28898.15407
28355.54406,28916.26593
28363.3835,28926.76401
28386.83514,28960.77082
28409.15575,28981.01282
28418.1079,29055.70533
28425.1299,29112.88885
28426.15441,29132.3704
28508.9555,29144.07375
28557.63104,29158.53792
28560.44872,29197.40376
28594.98433,29211.37037
28609.15393,29244.6522
28616.69589,29260.44917
28672.18949,29294.52268
28681.9179,29316.30278
28824.70149,29406.17783
28860.9993,29416.61511
28882.07056,29444.84777
28900.83017,29542.74018
28926.90772,29555.61395
28940.1797,29599.10701
28949.62513,29645.86217
28973.78281,29725.63077
28988.92582,29729.71418
29009.49557,29732.39819
29020.25886,29795.45157
29020.48389,29810.70782
29024.00559,29826.10027
29031.46721,29837.51984
29096.70835,29931.2986
29139.69734,29932.78181
29166.64777,29945.49311
29183.8797,29982.00228
29267.97476,30018.08358
29315.03709,30044.25759
29343.96665,30052.51791
29392.89888,30082.41665
29447.2459,30123.8219
29467.02732,30148.63183
29496.69104,30160.39757
29504.26234,30162.53607
29509.15815,30190.15207
29525.19584,30255.18591
29552.19274,30289.84297
29576.82075,30390.84801
29605.84293,30412.27215
29641.33087,30413.43037
29660.03453,30416.49984
29689.63031,30462.80524
29705.55458,30483.47714
29753.99385,30575.17326
29824.36283,30578.74962
29891.27001,30588.39926
29919.9889,30640.90346
29926.55919,30646.32301
29938.48331,30669.75721
29961.58104,30685.25171
30013.47688,30732.35523
30046.71738,30757.59312
30077.80928,30759.47935
30097.01548,30809.23344
30097.08997,30826.62922
30101.92392,30857.11406
30159.37656,30887.50442
30205.13728,30895.85996
30233.64022,30935.44124
30261.44405,30941.81644
30264.77342,30994.27407
30269.67266,31000.44532
30375.17431,31021.83104
30409.27591,31054.65457
30412.83332,31091.34243
30436.13945,31110.81545
30440.79777,31159.30971
30465.05725,31183.62656
30484.06151,31196.93356
30486.07584,31197.39587
30570.06261,31227.834
30573.42382,31231.18185
30577.39099,31242.10988
30582.84715,31269.09894
30620.07085,31269.96505
30637.85829,31277.39724
30643.76334,31281.45275
30653.662,31383.67773
30792.21938,31403.61624
30802.99692,31430.49742
30822.8395,31469.72327
30831.83863,31489.06858
30871.41831,31493.42814
30876.4906,31571.05582
30882.8159,31598.46238
30923.04849,31612.86564
30943.7645,31655.37555
31043.70522,31670.44133
31060.46347,31688.88875
31094.52738,31733.41745
31177.738,31746.50773
31191.94296,31764.58534
31199.29377,31780.3881
31293.44413,31836.34771
31307.0477,31854.32555
31309.90048,31854.75625
31351.82258,31878.09131
31398.80047,31931.88071
31474.53143,31940.94983
31483.87712,32017.67125
31498.58247,32019.94692
31512.32919,32021.02564
31513.28608,32031.88642
31538.42087,32072.83542
31541.869,32084.31676
31583.55186,32092.22361
31594.96837,32123.69759
31609.63345,32133.55797
31614.2373,32136.61535
31629.90531,32139.20879
31661.62589,32156.33478
31707.79972,32186.77508
31803.65754,32251.55849
31828.48618,32281.32155
31835.66091,32298.20528
31846.03995,32385.57719
31865.51039,32390.79587
31887.71903,32457.35906
31924.24827,32478.22958
31989.85893,32522.78699
31996.69795,32535.85989
32021.16139,32538.61999
32027.38021,32566.93362
32029.39881,32583.66119
32127.55042,32620.6955
32170.00275,32620.83219
32182.91982,32630.79171
32274.62557,32671.38536
32335.67316,32677.58268
32362.09499,32678.41084
32376.99585,32690.14539
32394.70097,32697.35971
32427.52021,32768.85426
32428.30725,32782.82058
32478.56124,32825.954
32491.82016,32896.87995
32492.36612,32931.51429
32506.57103,32938.70352
32578.10949,32967.4984
32663.87201,32972.31512
32670.72485,33025.40921
32745.51389,33077.42163
32889.97997,33094.83864
32901.35268,33103.88531
32901.82208,33120.11721
32912.75402,33123.08586
32933.59314,33147.78211
33008.85097,33149.59244
33035.84107,33150.78804
33068.78679,33208.59269
33087.03923,33216.87577
33101.59389,33292.91635
33204.51044,33328.36558
33206.32929,33391.65837
33228.65083,33395.37887
33230.30525,33398.87867
33256.73492,33474.92136
33263.14193,33480.26145
33264.64467,33509.23991
33297.33655,33510.69818
33298.14466,33544.9623
33306.57914,33553.35777
33321.30475,33594.06036
33400.01465,33615.40076
33524.58762,33618.00889
33552.4682,33637.03327
33574.97503,33657.1604
33650.00719,33703.29609
33703.40056,33721.70432
33707.28006,33723.96384
33747.59239,33773.25087
33921.97428,33925.03462
34014.87235,34084.27941
34017.97708,34118.31246
34027.11654,34218.99526
34050.48006,34228.67971
34059.12351,34228.74081
34089.98842,34231.42107
34106.64885,34258.33621
34151.12876,34276.86704
34194.61702,34281.15768
34222.96814,34391.71743
34328.42984,34508.65609
34370.39984,34519.37233
34373.60061,34533.22519
34407.80716,34547.78949
34426.25026,34577.67154
34434.92678,34617.20934
34456.87096,34624.76324
34508.17843,34627.64637
34533.47412,34631.75039
34559.45728,34635.26336
34615.02486,34656.33684
34670.15327,34674.01659
34717.95552,34722.07851
34754.10453,34779.28835
34780.35464,34781.09798
34794.15465,34799.16084
34860.50079,34905.39174
34875.2209,34932.33057
34889.90514,34995.29257
34981.96888,35015.63358
34998.20471,35029.62304
35005.40757,35084.12807
35037.27688,35099.58318
35047.20529,35359.47711
35192.68835,35400.88596
35239.35733,35469.4324
35271.10962,35474.58195
35272.83915,35484.34228
35286.33001,35518.54057
35303.10788,35520.1419
35323.77849,35552.63384
35352.0952,35596.70813
35353.88026,35631.98641
35398.35335,35637.75069
35398.6503,35684.47799
35409.72479,35701.15192
35410.21024,35719.00674
35464.23143,35724.13916
35517.32042,35801.59247
35519.82667,35807.71318
35546.73792,35868.54613
35560.71883,35895.65623
35570.81308,36017.66205
35581.75353,36123.98157
35596.40187,36148.13049
35739.70147,36169.62282
35772.87571,36189.60987
35844.19034,36199.25878
35874.54127,36214.77689
35886.23695,36224.98834
35912.59106,36228.47357
35958.90849,36271.15172
36047.41429,36296.35694
36092.25191,36352.72516
36113.55464,36392.46045
36145.40913,36427.11744
36149.58938,36429.74321
36162.87376,36514.6587
36164.83073,36567.09922
36219.49912,36578.96194
36237.4303,36588.21245
36241.2912,36616.69079
36271.01425,36667.41623
36274.36649,36669.93221
36416.88736,36690.90026
36430.12448,36728.48068
36451.39911,36748.11709
36507.34301,36771.80237
36517.62822,36851.31481
36559.34999,36912.16014
36573.39934,36937.02949
36597.77181,36949.78198
36608.60477,36961.08875
36630.52952,36963.45994
36638.76252,37015.85692
36663.02698,37080.07168
36663.93686,37150.98384
36706.39863,37151.90293
36737.58439,37165.61286
36742.28987,37264.34085
36770.75067,37311.29454
36861.97585,37460.16297
36919.05533,37487.62512
36941.85817,37519.49398
37002.55063,37588.92314
37012.53913,37641.10888
37014.13756,37653.17325
37066.88566,37661.92923
37091.51748,37672.32007
37092.30449,37679.80955
37104.10246,37709.44052
37211.59527,37714.64089
37211.92588,37768.27796
37216.01061,37889.25785
37222.77754,37920.74445
37245.11009,37963.95601
37286.0083,38127.26125
37288.43979,38174.50122
37289.06414,38202.22217
37302.01633,38215.08407
37309.26855,38236.17837
37325.79434,38250.36041
37325.87247,38261.64626
37355.6339,38286.67589
37362.66826,38289.46993
37463.35601,38299.02328
37467.80181,38327.6792
37502.03005,38340.89324
37509.36072,38355.99889
37519.47401,38369.55075
37521.19806,38386.49381
37546.68655,38400.28341
37588.49069,38412.00595
37618.1814,38501.56412
37636.23015,38514.23679
37711.04846,38550.85445
37730.61221,38589.23279
37786.17089,38601.66878
37860.91872,38615.84686
37876.83293,38618.35113
37881.59023,38642.34429
37969.32094,38681.34782
37972.86057,38700.47291
37978.09857,38785.43694
38023.43577,38810.32167
38033.85169,38821.65579
38057.70121,38853.8651
38102.86227,38973.72145
38131.79716,38985.54872
38184.88119,38994.80016
38220.9497,38997.43552
38291.98947,39044.98266
38328.07286,39081.30853
38361.2209,39096.75506
38426.44457,39118.26763
38456.50564,39130.80528
38472.64692,39212.7178
38508.42188,39237.61597
38523.83005,39274.67079
38611.90312,39338.3487
38682.20498,39343.40508
38725.36324,39344.387
38787.09124,39362.51187
38798.81882,39372.29819
38890.72183,39457.40024
38971.02662,39463.42472
38990.76885,39472.76959
39040.29531,39480.6896
39074.69441,39537.36435
39091.52252,39552.47041
39103.00381,39556.24312
39128.86131,39614.54452
39140.56439,39691.90465
39175.31909,39692.07853
39189.08352,39704.40754
39192.41653,39709.80743
39210.21457,39713.45004
39237.71085,39727.42034
39281.79945,39747.44409
39287.31684,39785.46417
39351.05191,39787.10146
39373.48026,39793.2885
39518.70186,39823.59072
39549.42316,39825.1031
39560.62501,39879.70821
39574.30639,39902.15129
39588.69762,39905.44619
39608.04453,39926.3988
39630.05805,40005.81551
39657.35503,40030.33999
39715.75644,40040.32567
39719.39077,40054.60304
39732.43121,40075.69826
39736.54926,40118.91578
39751.54938,40217.20971
39797.47291,40229.69822
39862.16497,40266.38184
39898.8664,40324.30392
39902.58159,40354.70539
39995.19153,40366.69053
40049.89349,40367.54812
40109.89613,40409.62284
40140.27561,40469.16371
40144.28623,40539.57052
40165.6223,40558.21778
40174.94393,40579.70368
40235.20843,40581.81189
40235.96226,40584.95507
40258.74696,40627.71551
40280.08373,40686.47566
40368.61343,40729.82111
40456.35272,40848.98644
40511.8519,40852.05522
40534.60105,40870.95495
40535.90551,40903.6266
40584.76864,40951.02427
40589.71238,40952.30159
40607.67972,40960.47891
40623.75606,40970.29474
40626.29574,41002.64505
40682.47608,41077.53559
40694.47817,41109.43278
40702.21226,41135.44171
40717.08632,41173.70643
40736.45211,41260.93716
40776.89885,41263.32482
40781.01297,41285.62486
40794.6267,41341.45678
40810.05843,41348.69072
40842.82561,41379.86358
40899.88396,41387.67035
40912.31916,41430.15965
40913.37019,41454.39005
40929.34296,41467.3205
41056.81453,41479.84201
41102.15039,41497.51084
41136.59793,41512.23303
41150.73661,41515.83066
41151.32668,41582.31837
41180.62406,41599.13522
41222.38938,41636.7907
41300.44194,41688.58987
41318.36788,41724.95633
41342.07914,41729.20387
41356.99961,41760.40099
41424.31856,41768.88176
41473.37907,41791.98778
41498.04954,41801.96083
41524.30883,41808.67387
41546.2492,41814.48603
41565.72829,41869.54749
41590.58132,41873.2263
41607.83117,41881.1918
41627.83158,41881.58162
41646.21919,41914.46043
41678.19155,41920.61766
41681.42279,41975.7914
41723.11191,42020.71575
41763.59472,42049.69397
41770.64299,42153.54392
41821.7684,42153.8042
41886.13,42193.6984
41906.94751,42205.93617
41909.99585,42217.63295
41926.5367,42250.28582
41972.72099,42283.75562
41997.58267,42324.09413
42011.26473,42351.56718
42014.62255,42393.53741
42042.04821,42453.82554
42048.85625,42472.35506
42145.1765,42473.87331
42153.84879,42480.90501
42242.51124,42487.65034
42246.55965,42508.73683
42252.35174,42543.23794
42265.76948,42559.70346
42286.31504,42576.06315
42332.70963,42590.8839
42344.22004,42597.66204
42365.39587,42607.73698
42412.55745,42617.18215
42420.50605,42644.66608
42500.18004,42708.15648
42536.42072,42722.74292
42577.9091,42740.84458
42582.14351,42746.50176
42678.04139,42881.47032
42702.25018,42897.50838
42743.55521,42920.35966
42766.54603,42926.73872
42810.03892,42939.8151
42842.92786,42945.05461
42854.6647,42955.85736
42862.0554,42962.74861
42879.00069,43031.45324
42887.08849,43137.09955
42890.31135,43168.52975
42916.21416,43268.21652
42987.25023,43331.26902
43023.73989,43399.79421
43050.13977,43421.03627
43067.0225,43484.11186
43087.20212,43505.74558
43089.17127,43525.6209
43091.03582,43539.4346
43117.60567,43574.6931
43160.12884,43689.47381
43297.73812,43737.26774
43316.37907,43743.33859
43327.58838,43752.18241
43378.5087,43832.36582
43403.92605,43844.05679
43407.25948,43852.65822
43438.46478,43876.08595
43602.88935,43911.12553
43621.13742,43927.56042
43635.38743,43969.93148
43644.4482,44044.20174
43665.12833,44053.19533
43671.17712,44053.90501
43677.70994,44059.39804
43701.91401,44099.78577
43706.65074,44108.11822
43712.86722,44201.85905
43726.79362,44205.88578
43749.18579,44222.94699
43758.7099,44242.22694
43777.18911,44257.32585
43838.19178,44324.65635
43892.54219,44335.15011
43897.391,44366.27368
43954.69049,44378.59199
43996.51607,44386.69944
44025.48288,44422.63208
44041.22669,44423.91048
44046.92659,44425.64576
44107.01626,44471.23342
44134.02326,44494.11929
44167.19829,44496.07676
44177.14745,44547.02562
44208.8849,44565.30466
44215.5839,44619.2929
44235.82817,44732.3559
44247.5792,44735.70744
44248.23985,44745.50359
44284.03173,44755.07908
44357.646,44760.45956
44368.65675,44776.36803
44381.92702,44837.29281
44428.73141,44842.73454
44441.9977,44849.19
44475.74764,44853.16914
44549.7808,44894.62887
44556.4415,44911.94604
44585.72314,44935.05894
44657.28573,44936.40475
44661.92946,44949.59056
44683.785,44957.74372
44685.62278,44977.88743
44722.36258,45037.35976
44722.47214,45080.28606
44735.20777,45094.5156
44736.91278,45223.26184
44789.83663,45242.35655
44800.6372,45297.72284
44843.61942,45369.16312
44860.86535,45388.04629
44887.47037,45446.99181
44945.39347,45470.30829
44969.92242,45470.61622
45045.86658,45482.41031
45404.41961,45523.81002
45447.40627,45546.19515
45515.51972,45551.0529
45567.29834,45578.08324
45633.25631,45696.67203
45638.23368,45710.31783
45639.64083,45726.18631
45709.79965,45742.79387
45710.34578,45758.99534
45721.66372,45769.4434
45723.77072,45808.05459
45726.72747,45843.80288
45727.49023,45924.03468
45742.87527,45973.88854
45744.65174,45987.79919
45754.13306,46043.1829
45825.30963,46081.04681
45840.77707,46111.855
45866.99413,46143.53451
45878.48476,46169.06162
45954.14568,46170.20978
45980.64448,46180.72688
46076.30438,46182.08371
46083.69366,46185.72966
46213.87906,46228.43389
46228.89142,46229.94616
46243.63194,46255.39635
46272.44,46419.13048
46275.38368,46429.51745
46321.26763,46469.45732
46354.83369,46514.61126
46397.13056,46566.68264
46401.18115,46601.77938
46585.25176,46612.71887
46621.1505,46642.84595
46637.57181,46706.98255
46689.57573,46710.56782
46693.2021,46738.90984
46768.29515,46793.27122
46811.9704,46813.90356
46834.83031,46853.0073
46845.71827,46878.9977
46872.37656,46886.43905
46879.8645,46909.62135
46908.00387,46909.72912
46980.57499,47074.47374
47020.37871,47162.07003
47116.36334,47216.43894
47150.46021,47233.53683
47221.6089,47258.30785
47310.33956,47320.93962
47328.69107,47389.31392
47400.94577,47409.36499
47445.53479,47448.90242
47467.23303,47567.85011
47510.49899,47606.27606
47514.84296,47650.90579
47533.66359,47654.98123
47568.0378,47678.21347
47613.70083,47680.29469
47658.7952,47693.12747
47691.49644,47716.95869
47713.58622,47742.64922
47775.07302,47777.80229
47842.77867,47856.83676
47851.07297,47892.40967
47885.55905,47901.13716
47889.85759,47920.14072
47895.20466,48000.2369
47959.12329,48020.64198
47984.99448,48063.29839
48005.29447,48079.45129
48014.35882,48223.6459
48116.24784,48227.45371
48163.52739,48259.24003
48210.73968,48274.23417
48234.11711,48283.41083
48269.34432,48288.1957
48337.37994,48390.38351
48345.2228,48392.98167
48358.43371,48403.15116
48450.96632,48508.21287
48452.79237,48517.24706
48457.35722,48557.71395
48463.13414,48568.91937
48511.19023,48610.99264
48579.6197,48633.56788
48612.29544,48803.9358
48625.02473,48819.42477
48635.8372,48830.81134
48636.88275,48838.25345
48648.36048,48838.9277
48654.31,48853.93991
48665.58661,48856.05392
48707.91134,48856.78575
48711.73507,48857.27088
48721.32506,48869.77051
48741.43632,48878.89015
48748.17241,48891.26833
48792.17346,48935.89841
48809.22594,48970.13441
48830.93861,49000.60089
48847.70313,49058.58878
48893.21519,49069.36658
48910.55033,49103.78146
48964.3197,49110.83174
49008.74065,49126.63368
49025.3599,49135.57213
49051.65312,49157.41072
49061.36531,49218.72249
49093.2829,49271.2734
49100.04059,49312.81572
49107.97005,49329.24783
49117.09534,49375.04074
49118.81805,49400.57374
49279.20193,49401.13394
49293.558,49489.16715
49307.37256,49582.57778
49336.71406,49650.14929
49414.60014,49724.35383
49488.27236,49746.84983
49551.93829,49749.65137
49637.5269,49805.27746
49767.04923,49835.24534
49800.3975,49893.15852
49881.11366,49920.08644
49885.31483,49938.41005
49999.58011,
