Start of shift (6:00 - 14:00),Column1,_1
361.0564952435256,361.0564952, 362.0271663571006
363.137037320733,363.1370373, 364.62247219622833
367.3227812077084,367.3227812, 368.0315387983976
368.03806209577164,368.0380621, 368.4547287624383
368.8142134122493,368.8142134, 369.7953218000313
368.75769291315623,368.7576929, 370.7352979700675
370.00245801071543,370.002458, 371.0770038025093
370.3456652047168,370.3456652, 371.1170158194653
372.40549141080027,372.4054914, 375.08997379536964
372.7570609821336,372.757061, 375.38009301217994
374.4923617170176,374.4923617, 376.15858830598705
377.38461572602836,377.3846157, 378.2938216046901
377.34524994062116,377.3452499, 378.8582768306155
381.0654936006501,381.0654936, 381.4821602673168
380.1969499011701,380.1969499, 381.4882858722886
381.49741482874725,381.4974148, 382.83625357772434
383.3032261793456,383.3032262, 385.04006750002145
385.38066456472,385.3806646, 386.1128083052555
384.74528705084384,384.7452871, 386.3668313813517
385.0552279914228,385.055228, 387.301448537046
387.27855152464576,387.2785515, 387.904718641029
387.5936086430551,387.5936086, 388.2166844756678
387.46226509766103,387.4622651, 388.98409002539404
387.8869832013367,387.8869832, 389.1701935710872
388.9150303483163,388.9150303, 390.0905429314571
389.879569671869,389.8795697, 390.7086431178718
389.7826537013514,389.7826537, 392.15106711331606
391.4297246747727,391.4297247, 392.72130117608236
392.7272787086303,392.7272787, 393.94954252526503
392.8248192735159,392.8248193, 393.9728904419878
393.6724218036619,393.6724218, 395.1012998872428
394.08034073251207,394.0803407, 395.4841844245168
396.20336608297305,396.2033661, 397.40559971398244
401.59205581773836,401.5920558, 402.00872248440504
401.9601963604624,401.9601964, 403.7598516480869
403.1056667323849,403.1056667, 404.17963791242056
405.05539549472473,405.0553955, 405.5137556873456
403.86702164318183,403.8670216, 405.57003650125256
404.80849785754975,404.8084979, 405.75471894494575
406.29312529524117,406.2931253, 407.03597470482487
405.5427064198615,405.5427064, 407.1370153400907
406.28091544660765,406.2809154, 407.207212510819
406.95222626518915,406.9522263, 407.79674167241666
408.4823080966714,408.4823081, 410.31557498115546
410.3521604898884,410.3521605, 412.1383870931335
411.59968835135896,411.5996884, 412.77368735862086
410.8949787241176,410.8949787, 412.85521868192143
412.35035533613967,412.3503553, 413.8224309935256
412.26564666629787,412.2656467, 413.9504326586062
413.6873946375863,413.6873946, 414.6176680285478
415.2221103397375,415.2221103, 416.20450355178843
416.6576148632755,416.6576149, 417.22634532093554
417.49074738561575,417.4907474, 419.0720416963731
417.2669515752793,417.2669516, 419.381596600937
418.22493225021424,418.2249323, 420.2215601690729
420.48959999784006,420.4896, 422.2325380305987
422.4737215523612,422.4737216, 422.8903882190279
421.71287144659976,421.7128714, 423.39876235840745
423.8296177671468,423.8296178, 424.24628443381346
424.169286954894,424.169287, 424.9738578636524
425.1408025570965,425.1408026, 426.366414602925
424.54899689653786,424.5489969, 426.6564715901456
426.9324166718892,426.9324167, 427.8186267397449
426.6569267068748,426.6569267, 428.0835234459721
427.21400563472247,427.2140056, 428.52828159798554
427.135676925974,427.1356769, 429.15820002561406
429.7545761998208,429.7545762, 430.57404780468596
430.20424779916965,430.2042478, 431.4419027314191
430.57930198018454,430.579302, 431.6486438000335
430.92422431958823,430.9242243, 432.33616524937713
431.351305017095,431.351305, 432.45652825821634
432.5901589857367,432.590159, 433.2594937345836
432.0036209891032,432.003621, 433.5623647549349
431.762923294426,431.7629233, 433.8874506896338
433.2294320978127,433.2294321, 434.20421808090003
434.28899016975333,434.2889902, 434.7689268763528
435.68087949438836,435.6808795, 436.3862646551066
435.8502015018238,435.8502015, 436.9038926332434
441.0374731112132,441.0374731, 442.19476442826584
445.34823078231955,445.3482308, 445.76489744898623
444.13904564090865,444.1390456, 445.90723259026623
443.6835006477247,443.6835006, 445.9742748479184
444.77931555272573,444.7793156, 446.46105865754964
446.1584475853366,446.1584476, 446.7402800105027
446.48274162563735,446.4827416, 448.2413322951638
447.1229926091033,447.1229926, 448.5269842120263
448.4330097370345,448.4330097, 448.8496764037012
449.6568576663973,449.6568577, 450.073524333064
449.1131569895232,449.113157, 450.4431306155839
451.18235162464083,451.1823516, 451.5990182913075
450.2065705872472,450.2065706, 451.69642151142205
452.5575043261763,452.5575043, 453.5280660652891
452.033942472638,452.0339425, 453.55218235346274
453.40355798087216,453.403558, 454.9113949333279
452.87452334401644,452.8745233, 455.08447727256834
453.80772393354624,453.8077239, 455.2735121953444
457.09547256386537,457.0954726, 458.5250935478262
458.4233223503435,458.4233224, 459.76866015296457
458.75884645012064,458.7588465, 460.7298624023581
460.0097761390461,460.0097761, 461.21480811643437
460.51071140097235,460.5107114, 462.6017065385293
462.67256272032915,462.6725627, 463.23898211444583
462.97227051826604,462.9722705, 464.5044809542053
464.3553865147872,464.3553865, 466.4045272051112
465.7806217886013,465.7806218, 466.8120277941046
466.37410009284855,466.3741001, 467.14512330238426
466.9767861006891,466.9767861, 467.39345276735577
466.6441604636078,466.6441605, 467.8861172911796
467.794550274214,467.7945503, 468.21121694088066
470.3826524268397,470.3826524, 472.55684738987276
472.7437941014227,472.7437941, 474.24076294226774
474.0523578814731,474.0523579, 475.0465075995438
474.03740724883966,474.0374072, 475.7502394352022
474.94027846625136,474.9402785, 476.5213692884847
475.15377223409286,475.1537722, 477.0102781056966
476.2032968082629,476.2032968, 477.29042874879144
476.548127032049,476.548127, 477.57205322413887
476.67630814417663,476.6763081, 477.5817535181337
477.8462092212978,477.8462092, 478.85483689114415
481.1828055952866,481.1828056, 481.96553854361
481.6762477262944,481.6762477, 482.47123459319187
483.1994269696882,483.199427, 483.6160936363549
482.97502250707544,482.9750225, 484.1941570998266
483.7410487238293,483.7410487, 484.4519142471098
483.07678956366857,483.0767896, 484.5449921776791
484.07790023180064,484.0779002, 484.7624270066072
484.50618878855613,484.5061888, 485.13412619013985
484.11274535690967,484.1127454, 485.20546461062
484.9931679519485,484.993168, 486.005917537606
485.15686574090194,485.1568657, 486.0690581198553
485.52409104919496,485.524091, 486.5603834139653
485.132195400577,485.1321954, 486.73388732533476
486.97218996098616,486.97219, 487.5774803418984
489.160893035162,489.160893, 490.2504091933293
490.6887662442337,490.6887662, 491.1352927030364
490.4585855112691,490.4585855, 491.70007390096106
491.28317837345566,491.2831784, 491.7144600288527
491.0413263746767,491.0413264, 491.8547956491603
491.35581800951877,491.355818, 492.16521206543246
491.4971108727125,491.4971109, 492.2509094475153
492.40352768040196,492.4035277, 494.12220589370634
493.1479850338766,493.147985, 494.46536527496835
494.9179025826613,494.9179026, 495.96189949009135
495.7057732457229,495.7057732, 496.96009883069365
495.3311836045303,495.3311836, 497.28102599495173
497.2417299093174,497.2417299, 498.1858788088705
497.99359508542085,497.9935951, 498.79931842243826
497.6328380678302,497.6328381, 499.30070909697264
499.0944644977302,499.0944645, 500.45154347047037
499.94926510871215,499.9492651, 500.8940293393203
499.33283789353356,499.3328379, 500.9627340113114
501.3328333613688,501.3328334, 501.74950002803547
501.07852900373194,501.078529, 502.5428490506826
501.4359695762865,501.4359696, 502.55740344573604
502.8740468427116,502.8740468, 503.3331041975428
503.24079330359285,503.2407933, 504.26425832316556
503.7674128720642,503.7674129, 504.6077646126324
504.27356616320156,504.2735662, 504.69023282986825
503.26949857160514,503.2694986, 505.25130900085605
505.9693555916034,505.9693556, 507.67369464841215
506.9389675013303,506.9389675, 507.84834300318494
506.7857814610195,506.7857815, 508.003341426594
508.431322331019,508.4313223, 508.84798899768566
508.3171091386281,508.3171091, 509.13842102784304
509.6221543592205,509.6221544, 510.34183490460265
511.17445911083814,511.1744591, 511.67210619574143
511.2544548480361,511.2544548, 512.0788721315438
511.26908776048833,511.2690878, 513.3399816588931
511.6203799702836,511.62038, 513.6513479077489
512.6341047728519,512.6341048, 513.8735732941078
514.2230296280802,514.2230296, 514.9125965439183
513.6082450670848,513.6082451, 514.9807483650849
514.8116515750214,514.8116516, 515.7305806028673
514.9441643228165,514.9441643, 516.0428398205221
515.024755702483,515.0247557, 516.4231536001242
515.5709179612616,515.570918, 516.808975554644
515.6571235426641,515.6571235, 517.1369189091339
516.1001858793845,516.1001859, 517.2123602535945
515.737010334678,515.7370103, 517.2230604797853
516.4969551841224,516.4969552, 518.2883778368442
517.4234032218675,517.4234032, 518.4689554947792
517.7209373218769,518.2883778, 518.7050445035109
516.918165263161,517.1369189, 518.7252687408931
516.8548171377719,516.8548171, 519.2164569663246
517.6023412968669,517.6023413, 519.291029502627
517.9784809023034,518.4689555, 519.3769175719124
518.2930594645687,518.7252687, 519.7051935152278
517.978651452453,518.7050445, 519.7729082214945
519.3212598528377,519.3769176, 520.3407538907874
518.6665470913873,519.216457, 520.422264718638
518.8485999312321,519.2910295, 520.6137882443219
519.656769077099,519.7051935, 521.6898250922818
520.2231374707341,520.2231375, 521.7955400645427
520.7732915748646,520.7732916, 521.9458372588844
522.1366322143614,522.1366322, 523.00871038121
522.4325132066324,522.4325132, 523.3548310130557
521.9314611040086,521.9314611, 523.8422946264677
524.2109414038673,524.2109414, 524.6276080705339
523.412364464925,523.4123645, 524.7006390131874
523.8535831619711,523.8535832, 525.1485421940642
523.9282555133274,523.9282555, 525.9346352217353
525.9992322766021,525.9992323, 527.0105862347584
526.6466740872838,526.6466741, 527.7940781420184
526.6399454926831,526.6399455, 528.2292062541371
527.0594415902708,527.0594416, 528.427525938182
527.6272400272843,527.62724, 530.0218073857849
529.1088593625655,529.1088594, 530.5629174738095
529.0737380995881,529.0737381, 530.9642725995454
532.1925802996565,532.1925803, 532.7752012889782
531.2350606831877,531.2350607, 532.8217419280453
531.8849627405402,531.8849627, 533.6721354622046
533.0847796733395,533.0847797, 533.8271192322878
532.4951291169674,532.4951291, 534.0456806828033
533.923985298264,533.9239853, 534.3406519649307
534.1130489691363,534.113049, 535.0159207926736
533.4886917346657,533.4886917, 535.0254031855807
533.4622226035043,533.4622226, 535.2863911453751
534.0525235836255,534.0525236, 535.4356860306125
535.0500112880328,535.0500113, 535.4666779546994
534.5055362820111,534.5055363, 536.3472846577869
536.6877927415985,536.6877927, 537.4479534306266
537.1695614537324,537.1695615, 537.7739580587611
537.5239099176586,537.5239099, 537.9405765843252
538.0900085200184,538.0900085, 538.8166325450449
537.992442204493,537.9924422, 539.1859270067243
537.7705211173098,537.7705211, 539.8036936081799
540.2222164727108,540.2222165, 541.3899186455756
540.2171631290719,540.2171631, 541.639662577753
540.1435889845031,540.143589, 541.7757401889199
540.7521949154083,540.7521949, 541.9107594622266
541.3330735005868,541.3330735, 542.2035518016959
541.5324189341435,541.6396626, 542.52206207854
541.5417286012912,541.7757402, 542.9784684622629
541.3679703866778,541.3899186, 543.0527799928054
542.4604110426097,542.460411, 543.4649841334764
543.0682247205244,543.0682247, 543.9713852442962
542.9930278012986,542.9930278, 544.1959273724931
543.6880397863854,543.6880398, 544.7700930398912
545.0909692054728,545.0909692, 546.1124476039244
545.9589677340481,545.9589677, 546.8172451897458
546.9680955490178,546.9680955, 547.5875553127516
546.2928572394495,546.2928572, 547.9007103178595
547.0797509297536,547.0797509, 548.0661141094084
547.9874183845614,547.9874184, 549.5572876071449
548.8707777044481,548.8707777, 550.1077111558274
548.9003899285408,548.9003899, 550.2138889576796
549.1361458024558,549.1361458, 550.2831488625006
548.8702769734298,548.870277, 550.5081226120773
549.2912451645904,550.1077112, 550.574703865717
550.126246380286,550.2831489, 550.6998155291673
549.2793163847467,549.5572876, 551.0346523797623
550.5960386468406,550.6998155, 551.332521562211
550.4541757250781,550.5081226, 551.9073834330677
550.0493209158378,550.213889, 552.1730944976616
550.7259582948126,551.0346524, 552.2082692042084
550.5401437135429,550.5747039, 552.3506071777364
551.6475401567982,551.6475402, 553.6645361267487
553.2622877082055,553.2622877, 554.9661026258642
554.8616146300111,554.8616146, 555.2782812966777
555.5883113812735,555.5883114, 556.2671459832551
556.8259808757706,556.8259809, 557.6379550692477
557.0880332206734,557.0880332, 557.6417128145132
556.3637778546273,556.3637779, 557.977310647465
557.2889433252764,557.2889433, 558.0229813761787
556.7167797677599,556.7167798, 558.205616824864
557.9331083563382,557.9331084, 558.418097434483
558.5544233275841,558.5544233, 559.593776271434
558.5823043003749,558.5823043, 560.1013637671836
558.6495641306205,558.6495641, 560.3292090003638
559.129082706478,559.1290827, 560.883777028901
560.1111282074438,560.1111282, 561.5466792036761
560.5546170639171,560.883777, 561.7099080266388
560.4547432509353,560.4547433, 561.8354812655041
560.185262711903,560.1852627, 561.9082506986368
559.8834107671179,559.8834108, 561.9511387261114
561.9111599461908,561.9111599, 562.5634305504469
560.9823961646719,561.5466792, 562.8628968143335
561.0473384761402,561.709908, 563.5523821452833
562.0631209159314,562.0631209, 563.7962258220286
561.185472929738,561.8354813, 564.2181034365486
564.1132109592479,564.113211, 564.5298776259145
564.1149011772695,564.1149012, 564.7850051773629
563.4707657921825,563.4707658, 565.1753989950608
563.8627515846333,563.8627516, 565.1802781112027
564.8900230905707,564.8900231, 565.8287088576158
565.5545536440544,565.5545536, 566.0587166117963
565.9661462431301,565.9661462, 566.7173171665387
566.2109424086095,566.2109424, 567.190599684285
566.7814697512549,566.7814698, 568.1757484423451
566.5858738222398,566.5858738, 568.504729804146
567.2916539838371,567.291654, 569.4261612323033
568.200196112517,568.2001961, 570.6580926121547
569.4368993329293,569.4368993, 571.0460038707913
569.6475619733516,569.647562, 571.0636402332663
569.997695237695,569.9976952, 571.0931998388766
570.1095100454389,570.10951, 571.1720672685981
570.7325737260393,570.7325737, 572.0570256649506
571.9267675221549,571.9267675, 572.4889690229711
570.8699989397288,571.0460039, 572.5588848948946
571.9391116823506,571.9391117, 572.7270756095824
572.7241171847639,572.7241172, 573.6611085610439
572.3443819436125,572.3443819, 573.6690558963862
573.6996547151696,573.6996547, 574.4166161931199
573.1217690390646,573.121769, 574.4179017501107
573.1830174660505,573.1830175, 574.6085059136292
573.3874579374178,573.3874579, 574.9610599835356
573.3905279118561,573.6611086, 575.362661873197
574.3845289909908,574.4166162, 575.9938861869024
576.1520414272992,576.1520414, 576.5687080939658
575.0015657329009,575.0015657, 576.7129285885921
577.0884807492664,577.0884807, 578.116440794763
577.3350391612666,577.3350392, 578.2954942039565
577.6256636355895,577.6256636, 578.3795475534215
578.0402888598426,578.0402889, 579.2884400643991
579.2600630937466,579.2600631, 580.3043605931282
579.7037808200836,579.7037808, 580.4697162364602
579.3645304390865,579.3645304, 580.6885591136894
580.4112859803964,580.411286, 581.3254181169602
580.3828345345031,580.3828345, 581.4090790044844
580.0352336553354,580.0352337, 581.5158114744848
580.8757381563596,580.8757382, 582.6360216589499
582.2926288273727,582.2926288, 582.8401954994936
583.1936254818928,583.1936255, 584.1325590119469
583.5162833830406,583.5162834, 584.3608299927954
583.0574190961977,583.0574191, 585.6144241334783
584.3422186035173,584.3422186, 585.7714828987514
584.913962696778,584.9139627, 586.0471049796776
585.4327381995937,585.7714829, 586.3871139880988
585.0353406203276,585.6144241, 586.4850628469651
584.7041075239684,584.7041075, 586.678858726002
584.9505759029117,584.9505759, 586.8415370611991
586.0506611172026,586.0506611, 586.938326104481
586.4454797345601,586.4454797, 587.2239690494797
586.5028917237184,586.5028917, 588.557706763404
587.9883794526897,587.9883795, 589.0663175505867
587.7141785219993,587.7141785, 589.450323681211
589.134475032539,589.134475, 589.916040089394
590.0096580214445,590.009658, 590.5197966042215
589.0203343587349,589.0203344, 590.6142726980444
588.8917637263329,588.8917637, 591.0802205408065
590.1893337548067,590.1893338, 591.3154178458126
589.9553323346919,589.9553323, 591.5747964596912
591.2238153165945,591.2238153, 591.6404819832611
590.9455515392568,590.9455515, 591.9472244649456
592.8022538875972,592.8022539, 593.2189205542638
592.7801817102203,592.7801817, 593.7139875524381
592.8446240077062,592.844624, 593.7577522045574
592.7390979757631,592.739098, 594.39224266583
594.1645526389918,594.1645526, 594.9768605634861
594.004779725988,594.0047797, 595.2995907364068
593.7600172808666,593.7600173, 595.4641417412641
594.4359593844323,594.4359594, 595.9814859988662
594.8007986817781,594.8007987, 596.0095379660728
595.195062080451,595.1950621, 596.044050061233
595.653481016456,595.653481, 596.0701476831226
595.9973324379617,596.009538, 596.5553503427992
595.7612760778435,595.7612761, 596.8068912458398
595.9869941338435,595.9869941, 596.8258331639518
596.1226554325311,596.1226554, 597.7400547230155
596.5532025094676,596.5532025, 597.7647983070774
597.4474671247752,597.4474671, 598.4775508068644
598.8726563604171,598.8726564, 599.5524853242378
598.5933537999965,598.5933538, 599.7235179943399
598.4218467009796,598.4218467, 600.0866051494311
600.3011717964526,600.3011718, 601.1819160367808
600.1267531231124,600.1267531, 601.3883646926114
601.2326078757334,601.2326079, 602.5567187966238
601.517499341103,601.5174993, 602.5813546626952
601.3997384975993,601.3997385, 602.7631781171748
601.9758734513179,601.9758735, 603.9108491112388
603.9056569521149,603.905657, 605.1359702061837
603.9366417968745,603.9366418, 605.337564759018
604.4674192192373,604.4674192, 605.4127076054971
604.8417062022187,604.8417062, 606.4833863713891
605.4519838890446,605.4519839, 606.495710047237
605.6215537977008,605.6215538, 606.5412983054373
605.747076745006,605.7470767, 606.861513482902
606.1332360890118,606.49571, 607.0150356629712
605.8218177639837,606.4833864, 607.114825343404
605.1905559243745,605.1905559, 607.3529155191113
606.873364141579,607.0150357, 607.874969276128
606.7177697861409,606.8615135, 607.9077690497714
606.1545974369739,606.5412983, 608.0074802733897
607.258791166057,607.3529155, 608.2618623817074
606.8979210483185,607.1148253, 608.3634849484973
608.9457439876492,608.945744, 610.0204311305281
609.6279088821277,609.6279089, 610.2053970563459
611.3588052077182,611.3588052, 612.7233774694449
612.1662874802726,612.1662875, 613.1664315069219
611.3663042652946,611.3663043, 613.7121548102369
611.5789383002391,611.5789383, 614.579547986856
613.7808760775475,613.7808761, 615.0015128478445
614.4359001150916,614.4359001, 615.0551465642078
614.5201979598215,614.520198, 615.8137307526323
614.9036997619111,614.9036998, 615.8662973106149
615.0503912188433,615.0503912, 616.0503057364813
616.629728826347,616.6297288, 617.8108931828635
617.2510232026741,617.2510232, 617.9668238189455
617.0779140497883,617.077914, 618.1256401627834
616.9139159449414,616.9139159, 618.2144405371629
617.8836623924926,617.8836624, 619.3906865422915
619.1973360011706,619.197336, 620.016489477588
619.2149538515048,619.3906865, 620.0555333799072
618.4501615179034,618.4501615, 620.6008347268488
618.7617525195769,618.7617525, 620.6579698968625
618.8028286215351,618.8028286, 620.7049320680561
620.3038387379199,620.6008347, 621.3253170445582
619.2483522514973,620.0164895, 621.4537234104525
619.8971255942961,620.0555334, 621.6798294527773
622.2449828053018,622.2449828, 623.1166919245716
621.3473572538951,621.3473573, 623.2130496546145
622.1562159031813,622.1562159, 623.8217860259102
623.6543238657134,623.6543239, 624.07099053238
622.1633198040819,622.1633198, 624.1949380197032
623.3768402193263,623.3768402, 624.6393631303213
624.3363051811372,624.3363052, 625.1614880872821
624.1992086981237,624.1992087, 625.2470908799305
623.8853066546292,623.8853067, 625.3921637151667
624.6643277029555,625.1614881, 625.7737238721219
624.5257155415699,624.6393631, 625.8413116749974
624.1901680089564,624.190168, 626.0433382930529
625.6638415832853,625.7737239, 626.306425092727
624.7645253787389,625.2470909, 626.7279867184366
625.3157288039312,625.3921637, 626.9172206873055
626.1061078491321,626.1061078, 627.0348598548707
626.8991570770546,626.8991571, 628.2365339639776
627.4713957271946,627.4713957, 629.1244838055921
628.3610418009205,628.3610418, 629.9186995417085
629.1240187017114,629.1240187, 630.2737647174092
628.6249168717615,628.6249169, 631.014683947585
631.3013488131846,631.3013488, 631.7180154798513
631.128161868505,631.1281619, 632.0858494575423
631.4057192984313,631.4057193, 632.485826331622
632.9901887368565,632.9901887, 633.532609249145
632.0880824521553,632.0880825, 633.6356420558192
631.908797528815,631.9087975, 633.6413330868432
632.4321095385244,632.4321095, 634.1990697455595
632.8718361827978,632.8718362, 634.3426153237754
633.5287225527989,633.5326092, 634.9429500986831
633.7570978386829,633.7570978, 634.9542540425371
633.7242623418218,633.7242623, 635.4295143430732
635.0422739263688,635.0422739, 635.4589405930354
635.2101807768432,635.2101808, 635.6520341327287
633.8785207161607,634.1990697, 636.0281701318079
635.8729661466228,635.8729661, 636.2896328132895
634.8624126575762,634.8624127, 636.5210097172568
635.4369462106451,635.4369462, 636.6354083579105
636.0435976515741,636.0435977, 637.063332825703
636.3254162264815,636.3254162, 637.104381042583
635.9480550931466,635.9480551, 637.884814544966
637.2550217350934,637.2550217, 638.1072758478629
638.3263695873967,638.3263696, 638.7430362540633
637.4576735034319,637.4576735, 638.9118582395729
637.4394488136293,637.4394488, 638.9957935927872
638.0641392647204,638.0641393, 639.0765630314049
638.8346131483637,638.9118582, 639.5288908072571
638.468022307007,638.4680223, 640.181981016297
638.8166742104122,638.8166742, 640.3975741199841
639.1861859339887,639.1861859, 640.7133799527991
639.831067019842,639.831067, 640.8733636914591
638.8658093155439,638.9957936, 640.9680579433815
640.4477587448355,640.4477587, 641.4711967480376
640.5748766380907,640.5748766, 641.5194479846841
640.6873706090487,640.8733637, 641.756308103046
640.5771648705063,640.71338, 641.8305651554057
641.3382551155694,641.4711967, 641.8878634147043
640.8394317315621,640.9680579, 642.1136805165155
641.4874326007564,641.519448, 642.2223682356813
641.710180364636,641.7563081, 642.5946629445966
641.8016755993104,641.8305652, 642.81078232405
641.8731250384945,641.8878634, 643.0586096610068
642.9554397392196,642.9554397, 644.3954103231101
643.7642703271883,643.7642703, 645.1010257712096
643.3232311564437,643.3232312, 645.2504102491712
643.8978188752213,643.8978189, 645.6137385561283
644.8661565579278,644.8661566, 646.1814518726549
645.429281259117,645.4292813, 646.6769983685941
647.3321784939017,647.3321785, 648.2042929833594
648.0500612233931,648.0500612, 649.1682648109601
649.2268953685711,649.2268954, 650.2903015822287
649.2541689570239,649.254169, 650.6839584972337
650.0407611019169,650.0407611, 651.9530498397017
650.9682262169954,650.9682262, 651.984834021976
650.9054026423502,650.9054026, 652.0578330789781
651.0023121465033,651.0023121, 652.394435369076
650.6064199462246,650.6064199, 652.6029429605182
651.3261058976427,651.984834, 652.6325225485542
651.5709226653472,652.0578331, 653.0882492292392
652.1268090004276,652.3944354, 653.4364076027142
652.3974238630232,652.6325225, 653.4727193725992
651.0772084106113,651.9530498, 653.7803203968166
652.2783297847362,652.602943, 653.8790754624329
652.822438751195,653.4364076, 653.9115941527946
652.4387907852849,653.0882492, 654.4280880487861
654.0444566994208,654.0444567, 654.6063406825119
654.490424062222,654.4904241, 654.9070907288886
654.2592045889337,654.2592046, 655.1547200018041
653.8982270743778,653.8982271, 655.2334289501954
654.0548825757731,654.0548826, 655.2500145955935
655.5342124587513,655.5342125, 656.6466934677544
655.9969652383819,655.9969652, 657.3358258112203
656.0533080516633,656.0533081, 657.9101271658889
657.2734255701649,657.2734256, 658.4296659115652
658.025036544739,658.0250365, 658.5113561055367
657.8702984899388,657.8702985, 658.5129640568098
657.5691538924127,657.5691539, 658.9048784485352
657.8008625074775,657.8008625, 659.0838890497332
658.4367260257325,658.5113561, 659.3684996270401
658.2036594921334,658.4296659, 659.6741540515947
658.5956234353763,658.9048784, 659.7040499227373
659.1325797417134,659.1325797, 659.7209133400656
658.4481166004762,658.5129641, 660.1494320366288
659.4528466757789,659.4528467, 660.8483388394036
660.1435552685638,660.1435553, 660.916017092521
660.4351978073139,660.4351978, 660.9904000411393
660.2154316730046,660.2154317, 661.2926656520606
660.9260608848589,660.9260609, 661.4701057000478
660.2931545859236,660.2931546, 661.7215106757845
660.7178809642633,660.8483388, 661.7856871475742
661.2591296691024,661.2926657, 662.3187906708556
660.9754867718281,660.9904, 662.6093869555729
661.6413334272426,661.6413334, 662.8434153333607
662.073562518843,662.0735625, 663.6448597444006
663.13251887438,663.1325189, 663.7809851975761
663.5821979140395,663.5821979, 664.1929177779343
663.7838650203021,663.783865, 664.5734430123315
663.9727198365495,663.9727198, 664.7984359421062
664.0513466401775,664.1929178, 664.837551050279
663.1894137367158,663.1894137, 664.9010111117711
664.3286766871452,664.8375511, 665.4899695808361
663.9607539661879,663.960754, 665.6291914368139
664.2697935425539,664.7984359, 665.6878241181704
664.1879110163051,664.573443, 666.0214306100814
665.6650360966668,665.6650361, 666.0817027633334
665.5078823221862,665.5078823, 666.8881398684962
666.6034808241313,666.6034808, 667.020147490798
665.9038228605463,665.9038229, 667.0405417362631
667.4551848767891,667.4551849, 667.8718515434557
667.2581132995318,667.2581133, 667.898960157231
667.4086693465968,667.4086693, 668.2052114156489
667.4506545687422,667.4506546, 668.7065798931801
666.4084578577543,666.4084579, 668.9674182311929
668.9847831327802,668.9847831, 669.6135874015818
668.5450206976416,668.5450207, 669.9707385012512
668.4560620925688,668.4560621, 670.2532663815318
669.1285303977277,669.1285304, 670.3281369060206
669.1653340564666,669.6135874, 670.3986465407525
668.1767240561934,668.1767241, 670.6273155746143
669.9341707132703,670.3986465, 671.8591088058284
669.2459835703773,670.2532664, 671.9157489589393
670.6707523535462,670.6707524, 672.2249046380738
669.1689547300159,669.9707385, 672.4038513118176
669.485199949667,670.3281369, 672.563604034746
670.9059475351314,671.8591088, 673.0904816460227
671.998634160317,673.0904816, 673.5071483126893
671.9937572369594,672.563604, 673.5739491967864
671.0103210385566,671.915749, 673.636957335398
671.154635402393,672.2249046, 673.6387403185462
671.8855319830901,672.4038513, 673.8923477092219
673.5838917418384,673.5838917, 674.5468138382194
673.8527208047942,673.8527208, 674.9137125126381
674.0918335563215,674.0918336, 674.9933180320571
674.4682708858312,674.4682709, 675.3105785565322
674.5631920346319,674.563192, 675.3308421082825
674.5981947678847,674.5981948, 675.6234579581512
674.7379064997423,674.993318, 675.7328298925923
674.6798513975014,674.9137125, 676.0221242349429
676.1318698941889,676.1318699, 676.7975862253802
676.4209107061072,676.4209107, 676.8375773727738
675.5237526007116,675.5237526, 676.8544478252871
676.6416596828607,676.6416597, 677.0583263495273
677.2557329844404,677.255733, 677.6723996511071
677.3583876475593,677.3583876, 678.3614075139683
677.3499447910762,677.3499448, 679.1903449952929
678.106328386929,678.1063284, 679.1979950457508
678.7317902157505,678.7317902, 679.5905511358029
678.5617211563633,678.5617212, 679.8458002573535
679.5551132814353,679.5551133, 679.9717799481019
679.3475556604949,679.3475557, 680.8032808683994
680.4434092207125,680.4434092, 680.8600758873791
680.446137495718,680.4461375, 681.0788390581102
680.8861079021905,680.8861079, 681.4310619062679
680.7877345058299,680.7877345, 681.4380640082354
681.2203347078893,681.2203347, 681.8413092161067
681.3052937782936,681.3052938, 682.2140051263262
681.9015851656277,681.9015852, 682.3182518322943
681.7024354709074,681.7024355, 682.4083114930968
682.44336794033,682.4433679, 682.8600346069966
681.8022299147941,681.8022299, 683.2419319985664
682.5375343536297,682.5375344, 683.8760088893943
682.9582700465146,682.95827, 684.4222990115438
683.0273733569786,683.0273734, 684.5978865285149
683.1857397381899,683.241932, 684.8110988301984
682.6988725232055,682.6988725, 684.9143839222409
684.458821320489,684.5978865, 685.5302751507812
683.631612494828,683.8760089, 685.6076132359667
684.5100401536977,684.8110988, 685.8569428552476
683.8123702294571,684.422299, 686.5964058806645
685.0368015428768,685.5302752, 686.747136745999
684.5193709652776,684.9143839, 686.7947995008394
685.286157378877,685.6076132, 687.3795288774836
686.4853385885974,686.7947995, 687.4369188383965
685.5533929610712,685.8569429, 687.4809051930516
686.7659652321889,687.4369188, 688.1818821759584
686.6984392620668,687.3795289, 688.2087945597676
685.6726487772581,686.5964059, 688.4403337300831
686.0795800687291,686.7471367, 688.7161806312872
687.1581916016004,687.4809052, 688.7313669067094
687.5412772260843,688.7313669, 689.148033573376
687.2154272385318,688.1818822, 689.4950506682093
687.2924789759123,688.2087946, 689.6272632913792
687.3495462036498,688.4403337, 689.9063781564804
688.3162991971816,689.4950507, 689.9117173348759
687.4911007867473,688.7161806, 690.1962849127443
689.9877223218716,689.9877223, 690.7025690810731
687.5807488564874,689.1480336, 690.7901952614926
689.9741297502009,689.9741298, 691.0230378284567
690.2569575084062,690.7025691, 691.1475337780878
690.4208003055624,690.7901953, 691.2085495665751
690.5839546580672,691.0230378, 691.6722920243707
689.7704728781265,689.7704729, 691.8191696287802
690.1983941879246,690.1983942, 692.1308000725796
691.2818499626037,691.28185, 692.2559637161723
691.9902597831455,691.9902598, 692.4069264498121
690.6075504505135,691.1475338, 692.4145074701802
692.227419307401,692.2274193, 692.6581790668266
692.307506795327,692.3075068, 692.7241734619936
691.9087919574243,691.908792, 693.5682569580646
693.0338874952702,693.0338875, 693.9064469963964
693.6970456051881,693.6970456, 694.3336933782075
693.5353914657823,693.5353915, 695.4622069309453
695.5189894349954,695.5189894, 695.9356561016621
695.5564868636262,695.9356561, 696.5093090834795
695.1833344956668,695.1833345, 696.6830334543035
694.9656433646547,694.9656434, 696.8516003227182
694.8065587818346,694.8065588, 696.8733223825476
696.0561105052452,696.5093091, 697.1220853745489
694.9613121171327,694.9613121, 697.466897059178
696.9118088601136,697.1220854, 697.5387520412155
696.6885573572425,696.8516003, 697.9138077433862
696.359680008639,696.6830335, 697.9598409807779
696.7148160895805,696.8733224, 698.0384077616093
696.995635277592,697.4668971, 698.4119811947342
698.1126016947143,698.1126017, 699.5002525333997
698.1343729176418,698.1343729, 699.6123835911612
697.4517048619065,697.538752, 699.6495162814008
698.444583186676,698.4445832, 700.2815712114397
699.1368037257981,699.6123836, 700.5832755577388
699.2809984557316,699.6495163, 700.5994445924017
699.0012461661055,699.5002525, 700.9972147937666
698.9945583761901,698.9945584, 701.0018316380249
699.4378024268951,700.2815712, 701.1955942273981
700.3057301548881,700.9972148, 701.4138814604332
699.438794166215,700.5832756, 701.7591747081408
701.3114487189051,701.4138815, 701.8305481270999
699.6197729520159,700.5994446, 701.8894154847638
701.6960982658751,701.8305481, 702.2472147937665
700.5657685489658,701.0018316, 702.3218256180995
700.7912515207145,701.1955942, 702.7478384018191
701.5200203449833,701.7591747, 703.3572378486648
702.3674792765636,702.3674793, 703.510155655995
701.9849581165973,701.9849581, 703.7558474918003
702.0697098879817,702.2472148, 703.9466095069398
704.3563925566741,704.3563926, 705.4385723211253
704.3344150526962,704.3344151, 705.5901088743809
704.2325800713762,704.2325801, 705.6436087891894
704.8170411732328,704.8170412, 705.728413986672
706.2807396819614,706.2807397, 706.9368320546149
706.0241877696809,706.0241878, 707.1797746492555
705.4422168562687,705.4422169, 707.3765992411222
706.8689807344975,706.8689807, 707.4803316348349
706.6229234474911,706.6229234, 707.8551929857216
707.3426854226324,707.3426854, 708.073520288656
707.2860272093737,707.2860272, 708.7339599430347
707.8797371936455,707.8797372, 709.1004031524194
708.0698674893098,708.0698675, 709.3927676427896
708.2109579340326,708.2109579, 709.7098422155883
708.537730243414,708.5377302, 709.8215972416244
710.0826587796466,710.0826588, 710.4993254463133
709.5695439126367,709.5695439, 710.6600259143262
710.2427116122657,710.2427116, 711.605587897856
710.6894760861599,710.6894761, 711.9029285403194
710.5566496525968,710.5566497, 712.0893543776167
710.1211133869833,710.1211134, 712.3283654067602
709.9725429379512,709.9725429, 712.502837188121
711.5200705015478,711.9029285, 713.0110150969451
711.2648304538222,711.6055879, 713.627525657594
712.9114560597768,713.0110151, 713.7976633068691
712.5668907878246,712.5668908, 713.8085711410869
711.9590416360767,712.0893544, 713.9034686641053
712.3780933803093,712.3780934, 714.354964776751
713.4243997092073,713.7976633, 714.4655846790299
713.9454943112003,713.9454943, 715.2525055102986
713.5544656841516,713.8085711, 715.2799040832075
714.8446819162031,714.8446819, 715.5379010619231
713.1540208054992,713.6275257, 715.5522934535796
715.0342561640601,715.0342562, 715.6072527620249
715.0807283126052,715.2525055, 716.0784454053432
715.42151774513,715.5379011, 716.7814384757717
715.6583246439981,715.6583246, 716.8640914620546
715.2589457646786,715.2799041, 716.9724962111345
716.6943377623496,716.6943378, 717.1110044290162
717.0389554806883,717.0389555, 717.5233830279215
716.2991696106285,716.2991696, 717.5870894931003
717.504918526115,717.5049185, 717.9215851927817
717.177400024175,717.1774, 718.1403385490894
717.6171783274875,717.6171783, 718.6551467774776
718.5439860655953,718.5439861, 719.0797958886113
718.1014879096607,718.1014879, 719.1338796816815
717.6813155301148,717.6813155, 719.4424558247191
718.1440520451304,718.144052, 720.0388135265198
719.2317294185779,719.2317294, 720.153132252064
719.0416853238446,719.0416853, 720.1852533316986
719.2737020617308,719.4424558, 720.3959347703719
720.1058855059417,720.1058855, 720.8739944573031
719.1717872387749,719.1717872, 720.8861934954438
720.3273568790557,720.3273569, 721.3466685098646
721.2127867494689,721.2127867, 721.6294534161356
720.9081841236837,720.9081841, 721.7363254164394
720.9660155485949,720.9660155, 722.1607258945434
720.5404941973087,720.5404942, 723.0057187354153
722.0375754429396,722.0375754, 723.0143388894321
723.1305366005786,723.1305366, 723.5845771918838
722.6749138762867,722.6749139, 723.7860959468334
723.6379905819996,723.6379906, 724.1479931453714
723.3060569679432,723.306057, 724.2376682580854
723.5561270765006,723.5561271, 724.568361886526
724.1681963079276,724.1681963, 724.7572030179309
724.2997364166984,724.2997364, 725.6746092759338
724.578077111602,724.5780771, 726.1180693391415
725.5836735771856,725.5836736, 726.4228256416616
724.5882482077508,724.5882482, 726.7280722778593
726.0640898263392,726.0640898, 726.9621385194367
726.179797169472,726.1797972, 727.1280667012759
726.4591004192426,726.4591004, 727.2449796098542
726.0598427300755,726.0598427, 727.525470411255
727.3608253149853,727.3608253, 728.1401232764721
727.1459777621101,727.1459778, 728.3989845898305
728.1999301020508,728.1999301, 728.9888976322237
728.8378244461462,728.8378244, 729.2544911128128
728.4596058722195,728.4596059, 729.5442455995906
729.3321791672186,729.3321792, 730.2146685656659
728.3155913672554,728.3155914, 730.5527305738725
730.1142360913816,730.5527306, 730.9693972405391
729.588162534323,729.5881625, 731.0014530002707
729.4089906492344,729.4089906, 731.1208643628684
729.0900788847453,729.0900789, 731.1677484230464
730.4579543902721,731.1208644, 731.6957202822427
730.0523739171501,730.2146686, 731.9305196795234
730.3956546030914,731.001453, 732.5384857233198
730.3418197629734,730.9693972, 732.5635304105899
730.8296806492917,731.9305197, 732.8141114969928
730.7198256567415,731.6957203, 733.2002103381657
730.5654092924308,731.1677484, 733.2294809820997
731.8734412530093,732.8141115, 733.2307781636595
731.6816943041451,732.5384857, 733.2491522013424
731.8594110076403,732.5635304, 733.5950341886949
733.159784888892,733.229481, 733.9651704968645
732.0870583315383,733.2002103, 734.0986253361326
733.7783312411715,733.9651705, 734.3818371635311
733.7292123908956,733.7292124, 734.76261995144
733.6197707141777,733.6197707, 735.0350891632684
733.4589117118179,733.4589117, 735.1401396654948
734.8153937487597,735.1401397, 735.5568063321614
733.9241547711578,734.3818372, 735.737743023511
734.5704235383738,734.76262, 735.8902993739481
733.9048539776362,734.0986253, 735.9006108898374
734.6720075411914,735.0350892, 736.2512939969854
735.7726334493234,735.7726334, 736.6520809942256
735.0898250989559,735.5568063, 736.9973812562597
737.0258009079073,737.0258009, 737.4424675745739
736.6649007876313,736.6649008, 737.9678114529572
736.4771605688767,736.4771606, 738.5582227672805
738.0640237642632,738.0640238, 738.6705948449229
736.8634491864512,736.8634492, 738.7104663587318
738.2678636950292,738.2678637, 738.7556019655179
738.9489029427917,738.9489029, 739.5972775506087
738.7210972224871,738.7210972, 739.6619001479429
739.2573754128496,739.2573754, 739.9140290131061
739.4908387068954,739.4908387, 740.0547965609613
740.2168971044404,740.2168971, 740.6890759603206
739.4737256011689,739.4737256, 740.9464050594019
740.021461294182,740.0214613, 741.5541780615949
740.4322024309103,740.689076, 741.6640833995853
740.3569152120467,740.3569152, 741.8383382118418
740.3752361211466,740.3752361, 742.0169151141902
740.7625775537043,740.9464051, 742.261364226406
741.1578907650319,741.5541781, 742.5596948201759
742.0648281625479,742.2613642, 742.6780308930727
742.3439494964334,742.5596948, 742.9874264374339
741.845647908224,742.0169151, 743.2224799932204
741.7832327986096,741.8383382, 743.2742879337256
741.4406495168281,741.6640834, 743.4646722682235
742.4346218795448,742.6780309, 743.7416359455354
743.9982700197726,743.99827, 744.5867300422022
742.5583215451815,742.9874264, 744.9223012427362
744.0376215750515,744.0376216, 745.1518639557146
742.7427127304875,743.22248, 745.6129898207313
744.2236930476926,744.223693, 745.6457134781491
744.2334897374574,744.58673, 745.9326012164639
745.131966930537,745.1319669, 746.584082988863
745.1832606504851,745.1832607, 746.7048756215136
746.118314043489,746.118314, 747.1946544902204
746.400808551909,746.584083, 747.3011390538211
746.304301093689,746.3043011, 747.3569683872068
745.9424362082058,745.9424362, 747.4879705341701
747.7905025066618,747.7905025, 748.6317097065078
748.2183717177861,748.2183717, 748.6350383844527
746.9879442292279,746.9879442, 748.6353704695838
747.6028126255638,747.6028126, 748.9769330893469
748.310900906698,748.6317097, 749.0483763731744
748.6567300908623,748.6567301, 749.4479724314118
748.221054391116,748.2210544, 749.506427988887
748.4455643950398,748.6350384, 750.2517053356421
749.4999937480266,749.506428, 750.2638598604665
748.916865703341,749.0483764, 750.4147824450301
749.1158899913955,749.4479724, 750.5521093547088
748.697421327821,748.9769331, 750.6584985888405
750.1117626754739,750.5521094, 750.979913430286
749.5289957908936,750.2638599, 751.6120161269828
749.7554962197956,750.4147824, 751.704557407997
750.9190991500747,750.9190992, 751.8234495229066
749.5208114705952,750.2517053, 751.8388780621427
751.4459866035395,751.6120161, 752.0286827936494
751.5127691322776,751.7045574, 752.3401599446123
750.9497708015746,750.9799134, 752.3762618420965
751.9744637291893,752.0286828, 752.445349460316
751.749129821769,751.8388781, 752.7654767555631
751.619175947146,751.8234495, 752.8517189135805
752.2779523100235,752.3762618, 752.974066659668
752.8801756738168,752.8801757, 753.5728092656975
752.1924068074748,752.3401599, 754.8023430930923
754.1638685290457,754.1638685, 755.4293500037783
754.7913663144186,754.7913663, 755.6857786013189
755.4635179880569,755.463518, 755.8801846547235
755.2635044349747,755.2635044, 756.1265530227945
755.6776787046514,755.6776787, 757.0479114005082
757.3392148391038,757.3392148, 757.833175856721
757.2293418323582,757.2293418, 758.3012861650722
757.8334283416908,757.8334283, 758.774937373684
757.6118915146602,757.6118915, 758.776945857022
757.1535008280545,757.1535008, 758.8450966724483
757.5748394616054,757.5748395, 759.0505736502322
757.8757663777991,758.3012862, 759.6342784783188
758.0129346737999,758.7749374, 759.8248396115379
758.6614978302358,758.8450967, 759.8491273757509
759.5818129576401,759.8491274, 760.2657940424175
758.6960620592236,759.0505737, 760.5461646146153
758.6524947620799,758.7769459, 760.58550852269
758.995362091844,759.8248396, 760.7301275523968
760.5308829562073,760.5461646, 760.962831281282
760.8531965419338,760.8531965, 761.2698632086004
758.9392945910545,759.6342785, 761.4499182918112
760.1692146371472,760.265794, 761.5050995622776
760.9246472426418,760.9246472, 762.3878147330785
761.2706467042273,761.2706467, 762.5914583503524
761.2269318667363,761.2269319, 762.865119919451
762.1034531783641,762.1034532, 763.0077686555745
762.6192607510692,762.6192608, 763.1701844205788
762.3199675059382,762.3199675, 763.4736934125731
762.660432787857,762.6604328, 764.3687546147894
762.9347982542822,762.9347983, 764.6507231651481
763.7445868561418,763.7445869, 764.7544415104627
763.4096530673793,763.4096531, 765.0985992624866
764.2210931657343,764.2210932, 765.3643652795275
764.5119551281283,764.5119551, 765.6555392510302
764.8511601265345,764.8511601, 765.7366731821687
765.074738845725,765.0747388, 766.0460143497824
765.2735100687579,765.2735101, 766.3207053147038
766.9903518037655,766.9903518, 767.8405077576047
767.3079061435275,767.3079061, 767.951050795282
767.696439918662,767.6964399, 768.1131065853286
767.9198663094002,767.9198663, 768.6758189052173
767.3743404002456,767.3743404, 769.056449957164
768.9758802766291,768.9758803, 769.3925469432958
767.9467327989661,767.9467328, 769.6666668092843
768.9608199618633,768.96082, 769.8591311683482
769.1342146036792,769.1342146, 770.2866723160693
769.9431077619865,769.9431078, 770.8480714550933
770.1818813485575,770.1818813, 770.9343592823988
770.649449225851,770.6494492, 771.6072385944634
770.9141410098347,770.914141, 772.7792403195295
772.2120302500674,772.2120303, 772.8599389945232
771.6054265909394,771.6054266, 773.2656316192225
772.8985386860106,772.8985387, 773.4574825031043
773.4056690087682,773.405669, 773.8223356754348
772.0344078495795,772.0344078, 774.1523171337129
773.061066922742,773.0610669, 774.7050662039858
773.7854328568313,773.7854329, 774.7867581835617
772.694521821914,772.6945218, 774.8285560770582
774.2233230551137,774.2233231, 775.5315469782647
774.1392031617769,774.1392032, 775.707999744665
774.6784687533913,774.8285561, 775.7095519686425
774.312426883059,774.7050662, 775.8115743144815
774.3807126804033,774.7867582, 776.1525030811341
775.2042338392596,775.531547, 776.364505386727
775.7138121958943,775.8115743, 776.6660024338321
776.2450095488316,776.2450095, 777.3468015599104
776.911514801861,776.9115148, 777.8385463683762
776.9697671045163,776.9697671, 777.8428510032966
775.6849482650339,775.709552, 777.8722341913783
775.4596596980534,775.7079997, 778.325296871504
778.0950058731959,778.0950059, 778.6340110486258
777.1155352989292,777.3468016, 778.8779840614275
777.8702887505372,777.8702888, 778.9970632202488
778.5588046896454,778.5588047, 780.3329049181621
779.3859636467237,779.3859636, 780.3562810110556
780.6863256923887,780.6863257, 781.3392649048767
780.2276752722346,780.2276753, 781.8680206276971
779.3817053024992,779.3817053, 781.9150613512545
780.7798393290643,780.7798393, 782.2527899148619
782.4915894724026,782.4915895, 783.0585323580191
781.5183600828844,781.5183601, 783.6127399866252
782.6438633914014,782.6438634, 783.9043951743822
782.4547643207974,782.4547643, 784.2919446258047
782.7832181569785,782.7832182, 784.4817141391176
783.4546678036443,783.4546678, 784.6168748070098
783.9564182242796,783.9564182, 785.0131551573841
784.349438095174,784.6168748, 785.0335414736765
783.7607268006988,783.7607268, 785.534828567264
785.0536565630711,785.0536566, 785.559433417929
784.0081018509451,784.2919446, 785.5645532924177
784.0978951869686,784.4817141, 786.058174958613
785.4376087788278,785.5348286, 786.5141777601826
785.6199372370769,785.6199372, 786.7254855574554
784.503064413508,785.0131552, 787.3901875023078
786.538006490971,786.5380065, 787.4034769170362
785.9543805355311,785.9543805, 787.4929581078079
787.2139889859235,787.4034769, 787.8201435837028
786.6717516886627,787.3901875, 788.097962061848
786.5508749230534,786.7254856, 788.2281133425612
786.2914791304494,786.2914791, 788.2574928871554
788.0268538553494,788.0979621, 789.2674732033483
787.5502756651742,787.8201436, 789.3585939435629
788.2360583183067,788.2360583, 789.4988697591644
787.5061879418222,787.5061879, 789.840741748478
789.0586302945607,789.0586303, 790.2626750611895
789.272236957148,789.272237, 791.1376264709708
789.4861501209102,789.4861501, 791.2893812896905
790.1581353078454,790.2626751, 791.655790446038
789.8721612786547,789.8721613, 791.7415461817895
789.5982889158106,789.5982889, 791.8042923402386
791.0592232094492,791.6557904, 792.432657254088
791.0926364954614,791.7415462, 792.8024051896848
790.7338796791862,791.2893813, 793.0581381024648
790.169146079575,791.1376265, 793.1083560474159
791.1126928735389,791.8042923, 793.1997094985979
791.764618155649,793.0581381, 793.4748047691314
792.1018377855252,793.4748048, 793.9624093343958
791.1164794981578,792.4326573, 794.3635384827426
791.3579331300418,792.8024052, 794.559087763521
792.0058582576796,793.1997095, 794.6654948760421
791.7901868133943,793.108356, 794.7645297770774
792.2484277034288,793.9624093, 796.0659570932822
793.8537017491224,794.6654949, 796.2205938312878
793.2262622948766,794.5590878, 796.4050261320565
792.5565275013115,794.3635385, 796.5727981556599
794.7339905835295,796.0659571, 796.7101066711966
794.2108456338992,794.7645298, 796.7774065432758
796.2632141668612,796.5727982, 796.9894648223266
795.8299323256888,796.4050261, 797.5780023517308
795.3304657396125,796.2205938, 797.6669320938083
796.4203349592036,796.7774065, 798.2632143670882
796.3301991575926,796.7101067, 798.4758689705083
798.4082337921926,798.4082338, 799.2694896265517
797.7938440701233,797.7938441, 799.4308010473966
798.9836435358835,798.9836435, 799.6963553141875
798.6657478331537,798.6657478, 800.5486093908369
799.0422876296564,799.0422876, 800.5656002706165
799.7137212711513,799.7137213, 800.9581377196431
800.2665995366757,800.2665995, 801.0751642074409
800.6101154355993,800.6101154, 801.5720185599645
800.4738626359482,800.4738626, 801.6332950520684
801.0160852921016,801.0160853, 801.8197365908345
801.4359318882615,801.4359319, 802.8113591980996
800.6610066235146,800.6610066, 803.1055807228897
802.477331097729,802.4773311, 803.3958285620139
802.8332357947178,802.8332358, 803.476646125206
802.2375738017985,802.2375738, 803.7621957997499
803.1217985208141,803.4766461, 803.8933127918726
802.7616513251195,802.7616513, 804.1027292305164
803.1261706771007,803.7621958, 804.1788624664165
802.9013827218894,803.1055807, 804.4873573554196
802.9655778208971,803.3958286, 804.4962204661425
803.2973250334744,804.1027292, 804.6755574884195
803.7460068382437,804.4873574, 805.3195860252594
804.4988690020305,804.6755575, 805.3801109803532
803.1649738872873,803.8933128, 805.3952724715982
803.3051541774307,804.1788625, 805.5094904572007
803.8956205943113,804.4962205, 805.7012251108515
805.4525878875052,805.4525879, 806.2135421927644
805.3499017438222,805.380111, 806.3225942889102
806.2884225916212,806.2884226, 806.7050892582878
804.6132307564787,805.319586, 807.147528138348
806.0732469266978,806.0732469, 807.1932071821252
806.4773174977673,806.4773175, 807.3487906104898
807.0732084609178,807.0732085, 808.1596440035703
808.0846430420787,808.159644, 808.618881250187
807.8976266601383,807.8976267, 809.4764802074978
806.6712291339481,806.6712291, 809.5639353260916
807.5455341268658,807.5455341, 809.7643841888097
808.2383099080564,809.4764802, 809.9641656413108
808.1244954492921,808.6188813, 810.0364897647925
808.0822739746484,808.082274, 810.2721433770157
808.7117902278137,809.5639353, 811.0926149194304
809.4078303439004,810.2721434, 811.2651830312612
809.1937037755009,810.0364898, 811.548265075162
809.1173403651147,809.9641656, 811.6970808271723
808.9154639829142,809.7643842, 811.7397324751433
809.6052847827738,811.5482651, 811.9649317418287
809.9048943648696,811.6970808, 812.9192052217671
809.5832414974675,811.265183, 812.9624448757849
810.5718946309088,811.7397325, 812.9913784143556
809.4968129595152,811.0926149, 813.2767637340569
811.8595998227133,812.9624449, 813.4666342213848
810.7622085142865,811.9649317, 813.9135285028606
811.8915746630918,812.9913784, 814.2789553104831
813.4183594589714,813.9135285, 814.3301951695272
813.194366582819,813.2767637, 814.3782605436661
810.7644115735156,812.9192052, 814.4293945905076
813.8395022122595,814.3301952, 814.7468618361938
813.934245367322,814.3782605, 814.7949272103327
814.6053262612041,814.6053263, 815.0219929278708
813.7342250709901,814.2789553, 815.8480802760217
813.4154394203597,813.4666342, 815.952791989549
815.7362882155401,815.7362882, 816.3181963658052
816.2427338115564,816.2427338, 816.9996679227326
815.1899883763955,815.1899884, 817.110513574535
815.5868634772582,815.5868635, 817.1512571005774
816.3251182512378,816.3251183, 817.2185177116265
817.955771908941,817.9557719, 819.1656695943858
818.8186792778048,818.8186793, 820.0839936599522
820.1553089730119,820.155309, 820.6794604413622
818.7745661074157,818.7745661, 820.8383505304058
818.9185852769925,818.9185853, 821.0344060230788
819.5123407376216,819.5123407, 821.3518717975991
820.1428385106234,820.1428385, 821.9599347544437
820.8309751640634,820.8309752, 822.0301378713523
820.9444474881628,820.9444475, 822.0531319905057
821.5708345890497,821.5708346, 822.2808414058222
821.141871218763,821.1418712, 822.8192076267527
822.5176195569308,822.5176196, 823.6864546388027
822.2264032983782,822.2264033, 823.8057247677773
822.4947550135084,822.494755, 823.9344483120678
822.020012756313,822.0200128, 824.436436078144
822.7125323876952,823.6864546, 825.1013886536842
822.6024954303482,822.8192076, 825.1421857988493
822.9446533064352,823.9344483, 825.2680609520484
822.901853643719,823.8057248, 825.2740110987575
823.0373302077751,824.4364361, 825.5560344279379
824.1981406502626,825.5560344, 825.9727010946045
823.055868285521,825.1013887, 826.2946543424507
824.0426013093263,825.2740111, 826.3241554125551
823.9707724201104,825.268061, 826.5600540765164
824.5031449662896,826.2946543, 826.755865837856
823.7563057787842,825.1421858, 827.0062889534086
824.6341053403363,826.3241554, 827.2960372964085
825.3536544044334,826.7558658, 827.8840809531854
824.3632807449202,825.9727011, 827.9743029140752
825.4399047209797,827.006289, 828.2237527510742
825.2902562739621,826.5600541, 828.3479202040085
825.786478255809,827.2960373, 828.646030260301
826.5726073273826,828.3479202, 828.9669783119963
826.86830668297,828.6460303, 829.0983657459692
826.112190950703,827.884081, 829.1003909163705
828.0069161751198,829.1003909, 829.5170575830372
826.1851177230609,827.9743029, 829.5809795400561
827.8488912651065,829.0983657, 830.3053722807477
826.2103550355383,828.2237528, 830.3654692728488
827.3935564725804,828.9669783, 830.3900526958166
828.2340289951995,829.5170576, 830.8487845528812
828.7206675140235,829.5809795, 831.7222782443433
828.914432458296,830.3654693, 831.8575391556531
828.8484571222376,830.3053723, 831.8895996176916
829.2372990908462,830.8487846, 832.4804244472222
829.5088429654245,831.7222782, 832.7171750027184
829.2147521163583,830.3900527, 832.8428896743833
830.4716271590132,831.8895996, 833.1984662177596
831.741105082217,832.8428897, 833.2595563410499
830.8492627870808,832.4804244, 833.3501811903436
831.2414275937067,832.717175, 833.6092763565355
829.5771916349,831.8575392, 833.9276260712194
831.9732878961664,833.3501812, 834.2987385232988
831.8614179101431,833.2595563, 834.3114034381451
833.6056306779134,834.3114034, 834.7871547384107
832.6412913014918,833.6092764, 835.2260365097752
831.8199297846886,833.1984662, 835.241366282873
833.1688139151806,834.2987385, 835.8138542664819
833.7927700910329,835.2260365, 835.9965223819473
833.0969701031001,833.9276261, 836.333707288261
833.7491471334106,834.7871547, 836.3694650691701
834.9275816741555,835.8138543, 836.6110340990732
834.3976395347535,835.2413663, 836.9047010372698
835.0072128329301,836.3337073, 837.0678693221874
835.4783659785768,836.3694651, 837.5247566234193
834.9958407730026,835.9965224, 837.6120166455064
836.1501543747399,836.6110341, 837.6720716151787
836.5150951120404,837.0678693, 838.7121778952132
838.2391571788899,838.7121779, 839.1288445618799
836.4990262742242,836.904701, 839.1775452538525
838.0967446825176,838.0967447, 839.3559333503661
837.0081889380053,837.5247566, 839.4037683817087
837.8863524325096,837.8863524, 839.4400992150379
838.2841038597355,839.1775453, 839.5942119205191
,,
