Arrival time,Answer time,Completion time
2.292557364,2.292557364,10.55184614
27.37935746,27.37935746,31.79657528
121.0027974,121.0027974,121.2994394
139.1385849,139.1385849,154.3357017
143.5144658,154.3357017,240.2674566
196.3159039,240.2674566,246.4506761
200.6187542,246.4506761,264.490322
266.5418498,266.5418498,366.398556
364.7539118,366.398556,385.8913148
413.5389863,413.5389863,456.9647499
418.0187257,456.9647499,463.0578846
487.8229478,487.8229478,513.0507066
536.619715,536.619715,540.6090509
548.4809101,548.4809101,566.2045526
549.451725,566.2045526,670.2587928
574.6905346,670.2587928,688.9264736
606.679609,688.9264736,695.1164783
615.908575,695.1164783,701.5806762
631.6256968,701.5806762,738.9260632
670.4341928,738.9260632,799.4478369
680.5939241,799.4478369,805.7711501
692.2514939,805.7711501,810.6329874
712.2755465,810.6329874,855.8169362
714.6476276,855.8169362,888.3810273
723.1266283,888.3810273,894.26829
739.4630151,894.26829,937.7389177
752.3804551,937.7389177,998.3887577
762.3226932,998.3887577,1003.492045
874.6611837,1003.492045,1035.440216
977.7145135,1035.440216,1063.711592
1001.823439,1063.711592,1064.329212
1095.500798,1095.500798,1155.794444
1242.412956,1242.412956,1259.092795
1301.256231,1301.256231,1306.446822
1355.638512,1355.638512,1369.894362
1368.031234,1369.894362,1387.672017
1372.50494,1387.672017,1423.556356
1399.55141,1423.556356,1471.366939
1457.580359,1471.366939,1526.300961
1460.275507,1526.300961,1546.860822
1473.00893,1546.860822,1582.16619
1528.652708,1582.16619,1614.713145
1579.417123,1614.713145,1617.087482
1596.266651,1617.087482,1626.038436
1635.86261,1635.86261,1645.173859
1688.992359,1688.992359,1716.314369
1697.95773,1716.314369,1789.288563
1715.667587,1789.288563,1822.997777
1796.605476,1822.997777,1856.715527
1818.815522,1856.715527,1877.391353
1837.577382,1877.391353,1934.649739
1864.665359,1934.649739,1944.876778
1866.873119,1944.876778,1986.078119
1914.645734,1986.078119,2087.891787
2131.51134,2131.51134,2156.486625
2152.003689,2156.486625,2172.651583
2176.157759,2176.157759,2202.254906
2209.31554,2209.31554,2232.120295
2251.990746,2251.990746,2353.383752
2253.733953,2353.383752,2442.353019
2323.984548,2442.353019,2463.70824
2328.163855,2463.70824,2468.303101
2335.583147,2468.303101,2505.582545
2433.348124,2505.582545,2619.543553
2436.281959,2619.543553,2648.648934
2484.703568,2648.648934,2667.188081
2542.445839,2667.188081,2709.964778
2570.088314,2709.964778,2712.891004
2613.359152,2712.891004,2716.534711
2644.31843,2716.534711,2718.651613
2655.355158,2718.651613,2779.616684
2697.998703,2779.616684,2781.349477
2699.412093,2781.349477,2791.328766
2710.919427,2791.328766,2794.099405
2720.987734,2794.099405,2852.400144
2781.340234,2852.400144,2882.618889
2808.93196,2882.618889,2886.026629
2833.143783,2886.026629,2905.337621
2884.923169,2905.337621,2947.281991
2939.65145,2947.281991,2952.327005
2956.036911,2956.036911,2957.442664
2992.717232,2992.717232,2998.754089
3005.939109,3005.939109,3016.135389
3016.484896,3016.484896,3018.614848
3129.488809,3129.488809,3133.061384
3134.678333,3134.678333,3138.937749
3142.482088,3142.482088,3192.01329
3206.080477,3206.080477,3252.272345
3293.401428,3293.401428,3308.443446
3294.789905,3308.443446,3317.947446
3306.999016,3317.947446,3327.655199
3369.868796,3369.868796,3412.381403
3433.014894,3433.014894,3465.463967
3478.736894,3478.736894,3522.504002
3521.50128,3522.504002,3557.185568
3547.720698,3557.185568,3634.041982
3553.752523,3634.041982,3634.243048
3556.41966,3634.243048,3661.63085
3558.602365,3661.63085,3679.673026
3561.860414,3679.673026,3692.371623
3585.204423,3692.371623,3696.494877
3602.711427,3696.494877,3705.685076
3617.976765,3705.685076,3735.431942
3650.352463,3735.431942,3774.121414
3650.80002,3774.121414,3812.191324
3687.608251,3812.191324,3826.477853
3755.872402,3826.477853,3848.391061
3848.761257,3848.761257,3935.9591
3849.076258,3935.9591,4258.942879
3911.574168,4258.942879,4259.245979
3924.701208,4259.245979,4398.696251
4023.669591,4398.696251,4401.600622
4031.291703,4401.600622,4402.132948
4038.533896,4402.132948,4419.157113
4069.998121,4419.157113,4428.207236
4108.032692,4428.207236,4432.630962
4161.73284,4432.630962,4470.818938
4189.584,4470.818938,4482.111315
4200.907778,4482.111315,4508.675964
4233.903088,4508.675964,4529.707775
4261.957421,4529.707775,4553.140317
4269.777183,4553.140317,4576.204113
4328.257597,4576.204113,4582.030942
4360.679159,4582.030942,4639.402147
4367.014716,4639.402147,4704.379756
4369.947154,4704.379756,4719.013145
4408.068233,4719.013145,4728.80115
4410.092763,4728.80115,4772.141451
4422.899725,4772.141451,4778.811109
4444.499528,4778.811109,4808.999512
4481.077947,4808.999512,4810.899839
4539.617294,4810.899839,4812.661669
4569.616648,4812.661669,4824.55278
4578.499029,4824.55278,4828.088099
4612.814079,4828.088099,4834.637693
4616.663517,4834.637693,4872.396799
4621.380281,4872.396799,4882.450677
4631.018958,4882.450677,4907.475817
4653.000819,4907.475817,4937.840997
4653.432806,4937.840997,4940.369762
4679.626419,4940.369762,4981.467596
4742.666634,4981.467596,5001.205385
4795.634794,5001.205385,5030.260998
4819.451831,5030.260998,5046.066605
4827.18878,5046.066605,5098.378153
4830.645751,5098.378153,5178.957064
4841.181682,5178.957064,5193.998452
4855.588545,5193.998452,5198.988947
4891.076761,5198.988947,5246.162761
4905.672577,5246.162761,5270.792929
4920.971683,5270.792929,5286.659501
4925.880198,5286.659501,5304.505715
5012.895018,5304.505715,5348.393683
5020.240512,5348.393683,5363.752757
5028.828253,5363.752757,5385.942143
5088.007048,5385.942143,5386.36627
5146.982081,5386.36627,5428.049347
5180.180375,5428.049347,5435.321776
5189.233609,5435.321776,5454.714418
5217.139771,5454.714418,5480.718539
5223.847829,5480.718539,5576.363652
5236.295959,5576.363652,5615.671974
5239.793343,5615.671974,5712.102662
5272.180921,5712.102662,5800.955433
5295.045359,5800.955433,5829.761159
5316.763022,5829.761159,5835.014361
5330.838393,5835.014361,5839.084107
5333.027369,5839.084107,5858.82769
5351.647402,5858.82769,5861.528164
5381.426955,5861.528164,5893.755933
5438.647154,5893.755933,5915.200644
5455.268452,5915.200644,5935.114342
5472.979297,5935.114342,5958.052249
5500.223812,5958.052249,5970.494155
5529.673518,5970.494155,6029.253351
5584.250515,6029.253351,6050.36624
5592.65786,6050.36624,6051.374697
5634.715322,6051.374697,6056.379554
5639.077956,6056.379554,6057.093142
5644.976902,6057.093142,6062.737927
5693.282493,6062.737927,6065.74823
5704.366508,6065.74823,6127.36494
5705.997484,6127.36494,6179.741893
5711.983193,6179.741893,6190.009922
5760.038501,6190.009922,6227.290467
5761.205289,6227.290467,6263.603817
5761.394189,6263.603817,6306.793071
5790.288575,6306.793071,6323.160976
5795.623596,6323.160976,6348.066754
5795.746798,6348.066754,6348.099873
5815.026023,6348.099873,6349.133629
5842.783359,6349.133629,6362.816955
5850.827089,6362.816955,6364.769266
5856.415834,6364.769266,6447.957991
5864.224515,6447.957991,6500.799222
5941.838586,6500.799222,6537.865272
5953.680334,6537.865272,6553.825735
5963.090835,6553.825735,6574.496013
5981.301666,6574.496013,6627.286968
5991.935191,6627.286968,6654.543389
6032.579971,6654.543389,6707.672858
6035.572979,6707.672858,6728.617272
6047.840951,6728.617272,6808.015781
6059.74594,6808.015781,6812.384824
6081.466617,6812.384824,6834.617331
6085.031267,6834.617331,6885.750081
6093.493084,6885.750081,6900.899115
6116.688774,6900.899115,6939.521308
6130.278863,6939.521308,6951.217299
6198.671615,6951.217299,6961.767807
6212.755217,6961.767807,7090.736796
6276.684027,7090.736796,7100.367802
6298.204234,7100.367802,7116.439837
6323.169584,7116.439837,7144.314631
6378.404306,7144.314631,7184.138915
6428.339734,7184.138915,7199.384363
6480.910605,7199.384363,7226.934369
6483.008601,7226.934369,7240.687741
6558.771823,7240.687741,7241.625273
6576.63322,7241.625273,7259.538064
6595.697357,7259.538064,7273.273331
6732.715748,7273.273331,7285.386905
6771.790628,7285.386905,7299.653144
6818.052942,7299.653144,7303.953275
6819.453129,7303.953275,7332.974839
6847.073993,7332.974839,7374.91706
6873.404936,7374.91706,7438.112221
6923.600972,7438.112221,7443.447025
6930.451063,7443.447025,7479.245638
7007.570148,7479.245638,7491.481556
7030.57961,7491.481556,7576.937277
7074.769324,7576.937277,7581.24087
7108.008195,7581.24087,7584.090691
7111.448815,7584.090691,7589.301742
7112.136804,7589.301742,7663.328595
7140.490779,7663.328595,7702.670847
7160.631283,7702.670847,7707.313143
7165.975326,7707.313143,7823.847336
7226.856897,7823.847336,7836.178439
7249.358491,7836.178439,7868.36783
7285.301585,7868.36783,7926.777594
7371.420067,7926.777594,7966.467209
7386.702847,7966.467209,8013.164251
7387.419653,8013.164251,8081.403036
7429.659827,8081.403036,8085.731983
7573.335638,8085.731983,8093.237677
7652.426669,8093.237677,8106.648711
7657.277613,8106.648711,8115.712666
7657.445486,8115.712666,8130.561791
7745.423728,8130.561791,8181.371677
7749.241454,8181.371677,8199.501319
7782.421104,8199.501319,8202.886652
7791.230219,8202.886652,8212.44245
7796.203665,8212.44245,8228.985162
7847.398203,8228.985162,8252.505535
7856.856288,8252.505535,8253.395257
7915.238915,8253.395257,8357.863173
7980.1569,8357.863173,8413.863621
8037.04267,8413.863621,8424.244612
8087.439644,8424.244612,8443.170312
8129.838269,8443.170312,8452.325276
8135.840999,8452.325276,8470.287346
8167.415573,8470.287346,8477.704003
8205.351549,8477.704003,8536.414839
8205.662897,8536.414839,8558.616538
8286.802901,8558.616538,8637.046778
8297.736803,8637.046778,8658.172734
8336.44388,8658.172734,8671.107517
8355.02977,8671.107517,8687.258229
8396.506684,8687.258229,8697.993392
8418.249816,8697.993392,8801.993178
8432.202547,8801.993178,8807.778179
8441.34485,8807.778179,8858.397812
8444.601114,8858.397812,8868.499678
8447.461892,8868.499678,8881.419577
8453.254026,8881.419577,8895.738762
8458.343724,8895.738762,8913.800533
8466.195359,8913.800533,8916.784013
8466.249473,8916.784013,8935.079906
8471.623243,8935.079906,9006.44878
8575.669579,9006.44878,9143.125469
8594.00038,9143.125469,9152.935761
8613.375675,9152.935761,9172.831511
8643.798225,9172.831511,9186.644513
8670.25338,9186.644513,9214.03015
8764.153664,9214.03015,9214.131515
8776.345202,9214.131515,9255.101857
8792.0763,9255.101857,9265.680097
8835.344853,9265.680097,9342.111105
8858.479657,9342.111105,9350.547563
8884.762129,9350.547563,9383.246757
8890.795794,9383.246757,9394.84741
8938.833352,9394.84741,9437.788035
9121.016278,9437.788035,9514.416325
9122.995774,9514.416325,9533.999005
9163.952032,9533.999005,9542.019923
9176.471609,9542.019923,9570.111794
9187.352081,9570.111794,9586.207702
9208.085587,9586.207702,9586.866389
9214.257685,9586.866389,9626.034543
9275.648934,9626.034543,9635.875553
9279.463174,9635.875553,9638.571633
9394.609233,9638.571633,9656.985135
9409.252235,9656.985135,9662.425675
9412.137652,9662.425675,9708.759045
9422.711274,9708.759045,9726.649138
9424.424012,9726.649138,9748.625508
9477.06524,9748.625508,9770.620065
9533.491862,9770.620065,9787.579351
9593.902496,9787.579351,9791.383083
9632.612503,9791.383083,9869.163543
9673.928998,9869.163543,9904.944547
9682.423682,9904.944547,9938.849391
9693.085451,9938.849391,9954.481921
9710.395585,9954.481921,9959.149281
9725.469006,9959.149281,10006.58468
9754.303707,10006.58468,10029.40987
9778.409828,10029.40987,10030.51196
9825.177509,10030.51196,10068.40887
9837.435248,10068.40887,10106.89793
9860.327328,10106.89793,10127.56797
9866.549668,10127.56797,10205.38332
9902.526394,10205.38332,10220.53377
10031.92001,10220.53377,10257.56619
10111.83458,10257.56619,10259.93348
10127.48328,10259.93348,10311.69729
10166.55073,10311.69729,10426.53158
10241.75777,10426.53158,10428.53215
10244.15123,10428.53215,10453.41559
10266.83478,10453.41559,10454.49133
10268.82,10454.49133,10462.08126
10326.45768,10462.08126,10505.77913
10336.81093,10505.77913,10565.57088
10384.62396,10565.57088,10634.30598
10422.80731,10634.30598,10636.60461
10446.13284,10636.60461,10662.55025
10460.52389,10662.55025,10710.9021
10568.25678,10710.9021,10712.37608
10590.7551,10712.37608,10762.57882
10689.93119,10762.57882,10769.71445
10704.55143,10769.71445,10777.18575
10771.53497,10777.18575,10783.82947
10826.1627,10826.1627,10836.05152
10856.0776,10856.0776,10860.84095
10890.16707,10890.16707,10953.1272
10897.76765,10953.1272,10959.88748
10999.2661,10999.2661,11004.2706
11030.12382,11030.12382,11087.72406
11088.07542,11088.07542,11089.76498
11119.06161,11119.06161,11120.2133
11130.73566,11130.73566,11152.96575
11139.611,11152.96575,11153.92788
11168.85594,11168.85594,11211.92708
11171.61833,11211.92708,11268.68684
11237.2019,11268.68684,11322.46294
11262.7301,11322.46294,11322.56871
11293.86482,11322.56871,11459.7698
11315.19395,11459.7698,11494.33303
11351.42926,11494.33303,11495.0461
11377.11803,11495.0461,11525.45436
11455.95773,11525.45436,11543.83217
11503.48258,11543.83217,11564.74051
11559.23327,11564.74051,11633.82851
11593.0669,11633.82851,11658.69333
11595.43,11658.69333,11679.3954
11601.88248,11679.3954,11729.97036
11623.6924,11729.97036,11785.50553
11719.88735,11785.50553,11798.56914
11758.45103,11798.56914,11812.20673
11768.42571,11812.20673,11816.83263
11768.50152,11816.83263,11865.16872
11771.76073,11865.16872,11879.31828
11816.47438,11879.31828,11910.91562
11853.00026,11910.91562,11925.58565
11860.36193,11925.58565,11937.03599
11872.39432,11937.03599,11939.02931
11894.69626,11939.02931,11941.4188
11913.91605,11941.4188,11950.82463
11989.54692,11989.54692,11999.38925
12040.4017,12040.4017,12050.5148
12044.57792,12050.5148,12092.51439
12045.3298,12092.51439,12096.32955
12060.35217,12096.32955,12116.35773
12082.10213,12116.35773,12136.24508
12101.65169,12136.24508,12158.87547
12107.23809,12158.87547,12166.0434
12182.09413,12182.09413,12228.4075
12194.26919,12228.4075,12239.55775
12208.15287,12239.55775,12310.42973
12221.33333,12310.42973,12314.33209
12224.09745,12314.33209,12339.24922
12301.32374,12339.24922,12376.03664
12322.32035,12376.03664,12400.89633
12358.83493,12400.89633,12402.91427
12390.42799,12402.91427,12406.04028
12404.51762,12406.04028,12409.98462
12426.20583,12426.20583,12446.13517
12474.53326,12474.53326,12503.62218
12559.53041,12559.53041,12573.69047
12564.72347,12573.69047,12579.03795
12599.508,12599.508,12624.54943
12614.2295,12624.54943,12636.56876
12641.37899,12641.37899,12651.86159
12661.09221,12661.09221,12698.98349
12717.73032,12717.73032,12741.41041
12737.79582,12741.41041,12770.78974
12759.16622,12770.78974,12772.44772
12774.73078,12774.73078,12782.35017
12858.65124,12858.65124,12867.16199
12863.68929,12867.16199,12877.07889
12902.70018,12902.70018,12934.58938
12909.07157,12934.58938,12936.4232
12964.89168,12964.89168,12994.88558
12971.17869,12994.88558,13080.20604
12980.17106,13080.20604,13105.54313
13014.51139,13105.54313,13223.09888
13018.62878,13223.09888,13250.49311
13187.19139,13250.49311,13263.49416
13188.57915,13263.49416,13277.91733
13221.2193,13277.91733,13301.73733
13316.82275,13316.82275,13323.30145
13397.1571,13397.1571,13441.79577
13442.04266,13442.04266,13464.85725
13446.48712,13464.85725,13524.0203
13452.49784,13524.0203,13549.61584
13489.18797,13549.61584,13622.63978
13525.69884,13622.63978,13622.77088
13550.3289,13622.77088,13642.8734
13587.25579,13642.8734,13699.75804
13593.0686,13699.75804,13732.68976
13608.3775,13732.68976,13761.67241
13627.10728,13761.67241,13771.91538
13676.29469,13771.91538,13777.46566
13743.94425,13777.46566,13815.36815
13779.40434,13815.36815,13817.30038
13780.82127,13817.30038,13830.59255
13871.99057,13871.99057,13875.91009
13909.76746,13909.76746,13995.01384
13943.27351,13995.01384,14008.14264
13947.51201,14008.14264,14030.67021
13970.37056,14030.67021,14067.42995
14027.82419,14067.42995,14074.31828
14066.03934,14074.31828,14078.87381
14083.22972,14083.22972,14097.84105
14083.45783,14097.84105,14127.47488
14086.3672,14127.47488,14135.6428
14090.98313,14135.6428,14136.63684
14118.05079,14136.63684,14150.76825
14196.33827,14196.33827,14200.28629
14207.16259,14207.16259,14213.90996
14234.62177,14234.62177,14279.48414
14275.42707,14279.48414,14298.55237
14324.58892,14324.58892,14375.45051
14350.28956,14375.45051,14415.15135
14438.77993,14438.77993,14524.87372
14590.35571,14590.35571,14649.24789
14618.14456,14649.24789,14780.0749
14649.50509,14780.0749,14794.33174
14702.1765,14794.33174,14838.64846
14760.14212,14838.64846,14852.45411
14779.78586,14852.45411,14863.1676
14793.33205,14863.1676,14875.73029
14796.70686,14875.73029,14876.07132
14831.68497,14876.07132,14884.55315
14838.99852,14884.55315,14974.53678
14862.03069,14974.53678,14985.26172
14866.86156,14985.26172,14986.29017
14870.37588,14986.29017,14987.25214
14883.51114,14987.25214,15033.46428
14921.02215,15033.46428,15058.48171
14964.07009,15058.48171,15068.27198
14965.20643,15068.27198,15079.86945
15016.80669,15079.86945,15119.79243
15024.03634,15119.79243,15189.68844
15047.04078,15189.68844,15204.24179
15141.77751,15204.24179,15210.39874
15153.49449,15210.39874,15228.08558
15212.73566,15228.08558,15243.56841
15253.32857,15253.32857,15309.0147
15270.00238,15309.0147,15361.58971
15352.61067,15361.58971,15375.32852
15373.87406,15375.32852,15411.13573
15403.15739,15411.13573,15538.14871
15404.14809,15538.14871,15545.46152
15439.68351,15545.46152,15587.00485
15458.17079,15587.00485,15609.18619
15583.43141,15609.18619,15640.2719
15599.06548,15640.2719,15662.5909
15615.27875,15662.5909,15715.49206
15637.37583,15715.49206,15720.87934
15670.5048,15720.87934,15766.44887
15683.58229,15766.44887,15783.68316
15725.35956,15783.68316,15819.15168
15742.25828,15819.15168,15883.1312
15793.05925,15883.1312,15889.26521
15817.55178,15889.26521,15891.05055
15909.34596,15909.34596,16040.55196
15915.51335,16040.55196,16049.28159
15970.75777,16049.28159,16108.57456
15974.73043,16108.57456,16113.56597
16060.02359,16113.56597,16129.721
16072.84501,16129.721,16149.68715
16139.57025,16149.68715,16153.90817
16264.16616,16264.16616,16299.10596
16279.19872,16299.10596,16300.71233
16315.36517,16315.36517,16315.76836
16315.63028,16315.76836,16355.98014
16324.32146,16355.98014,16371.18563
16389.87889,16389.87889,16440.52743
16425.06727,16440.52743,16490.45745
16452.65906,16490.45745,16502.28117
16465.70059,16502.28117,16514.21965
16498.53622,16514.21965,16529.1145
16500.26416,16529.1145,16575.81444
16539.06089,16575.81444,16591.07606
16558.91404,16591.07606,16617.14894
16559.05103,16617.14894,16639.73814
16561.94021,16639.73814,16673.37526
16582.81428,16673.37526,16680.64175
16605.58559,16680.64175,16695.85037
16646.83976,16695.85037,16717.80354
16651.32953,16717.80354,16718.17771
16715.0031,16718.17771,16768.48646
16718.64876,16768.48646,16778.19605
16733.74512,16778.19605,16803.31763
16734.53904,16803.31763,16810.9685
16736.81589,16810.9685,16815.96008
16737.27827,16815.96008,16926.09164
16788.92698,16926.09164,16934.41336
16800.5486,16934.41336,16970.15474
16850.63077,16970.15474,17022.26556
16876.65896,17022.26556,17024.69784
16916.24777,17024.69784,17093.99926
16947.44521,17093.99926,17166.35414
16957.7576,17166.35414,17174.51405
16987.66171,17174.51405,17174.72079
16991.98686,17174.72079,17216.83742
17020.57449,17216.83742,17280.93704
17041.74142,17280.93704,17299.92754
17084.71075,17299.92754,17308.91133
17127.56964,17308.91133,17324.47173
17150.59423,17324.47173,17333.55275
17163.49134,17333.55275,17351.28076
17198.89355,17351.28076,17476.35354
17215.49504,17476.35354,17487.06007
17277.40037,17487.06007,17491.26891
17287.58425,17491.26891,17492.47733
17300.31121,17492.47733,17496.61586
17348.55084,17496.61586,17499.72171
17407.61521,17499.72171,17519.34851
17419.03017,17519.34851,17523.1056
17460.28479,17523.1056,17564.10217
17462.5631,17564.10217,17567.31454
17569.62071,17569.62071,17656.59244
17676.98099,17676.98099,17689.42903
17721.31191,17721.31191,17739.26984
17723.68894,17739.26984,17745.98497
17860.81412,17860.81412,17865.90697
17891.08704,17891.08704,17893.41993
17928.74556,17928.74556,17965.35365
17975.02492,17975.02492,18006.06727
18003.97792,18006.06727,18016.10486
18020.87613,18020.87613,18025.97504
18027.12093,18027.12093,18049.61638
18034.91074,18049.61638,18108.30777
18066.1645,18108.30777,18143.99819
18090.69964,18143.99819,18181.49874
18114.07791,18181.49874,18201.50769
18170.29789,18201.50769,18239.12264
18193.55717,18239.12264,18242.24262
18238.7341,18242.24262,18262.25176
18304.77501,18304.77501,18332.39214
18320.71139,18332.39214,18393.71824
18335.4024,18393.71824,18394.26913
18344.0239,18394.26913,18394.51371
18365.59284,18394.51371,18429.83364
18382.16257,18429.83364,18432.37828
18399.46519,18432.37828,18497.51752
18426.4711,18497.51752,18503.23802
18477.9669,18503.23802,18506.57945
18479.18834,18506.57945,18523.40131
18481.30082,18523.40131,18553.13543
18543.87757,18553.13543,18553.97609
18609.88369,18609.88369,18626.1274
18630.55672,18630.55672,18636.22518
18673.83636,18673.83636,18688.01541
18678.83694,18688.01541,18704.20773
18752.48352,18752.48352,18782.35793
18794.63147,18794.63147,18799.61515
18801.54989,18801.54989,18810.93826
18805.98687,18810.93826,18865.47196
18878.75513,18878.75513,18900.77044
18921.25831,18921.25831,18927.45946
18966.4751,18966.4751,19008.57733
19015.50637,19015.50637,19016.35175
19030.70561,19030.70561,19064.69155
19053.21179,19064.69155,19188.58174
19070.92844,19188.58174,19193.54334
19082.70024,19193.54334,19196.71308
19136.09653,19196.71308,19228.94654
19142.4595,19228.94654,19257.60806
19157.10686,19257.60806,19268.31371
19199.50799,19268.31371,19273.23819
19246.00703,19273.23819,19302.28241
19262.33252,19302.28241,19327.19355
19308.48297,19327.19355,19333.19507
19449.16704,19449.16704,19485.78715
19480.82515,19485.78715,19538.94835
19487.00899,19538.94835,19582.70378
19512.88587,19582.70378,19635.64755
19517.35759,19635.64755,19646.9732
19550.18236,19646.9732,19653.22668
19557.62686,19653.22668,19700.90725
19645.67306,19700.90725,19706.26854
19679.65854,19706.26854,19729.94173
19699.41925,19729.94173,19736.49781
19703.80003,19736.49781,19737.89742
19709.68456,19737.89742,19759.80515
19731.02322,19759.80515,19802.80984
19740.37622,19802.80984,19872.42974
19767.41712,19872.42974,19916.06864
19874.35133,19916.06864,19947.82661
19890.77076,19947.82661,19966.45741
19955.10547,19966.45741,19969.75094
19980.67771,19980.67771,20012.38572
19993.83408,20012.38572,20019.66863
19998.69734,20019.66863,20038.49329
20016.09211,20038.49329,20092.82943
20035.83897,20092.82943,20110.19569
20043.04029,20110.19569,20116.00984
20056.04829,20116.00984,20179.03375
20073.10638,20179.03375,20181.46398
20074.72824,20181.46398,20223.87319
20075.51837,20223.87319,20279.03932
20080.89821,20279.03932,20280.26161
20105.11108,20280.26161,20384.29105
20252.37008,20384.29105,20417.35512
20264.3874,20417.35512,20439.28323
20293.44063,20439.28323,20440.54047
20304.90049,20440.54047,20452.65445
20363.76307,20452.65445,20480.2658
20461.12929,20480.2658,20488.23816
20473.53642,20488.23816,20490.45685
20530.82366,20530.82366,20537.30376
20556.76943,20556.76943,20580.14749
20615.45622,20615.45622,20665.53837
20687.54173,20687.54173,20715.74617
20734.87571,20734.87571,20750.9655
20741.57121,20750.9655,20754.77959
20746.40035,20754.77959,20850.12736
20765.90714,20850.12736,20860.31913
20772.6779,20860.31913,20901.01797
20786.07669,20901.01797,20968.54667
20869.54036,20968.54667,21016.11764
20894.66663,21016.11764,21039.55722
20920.41187,21039.55722,21075.56584
20958.72931,21075.56584,21130.11452
20973.37695,21130.11452,21131.16122
20994.27189,21131.16122,21159.08401
21019.29795,21159.08401,21190.94514
21026.8075,21190.94514,21208.80103
21049.28777,21208.80103,21218.6343
21075.25839,21218.6343,21273.13533
21081.65676,21273.13533,21322.9752
21104.95852,21322.9752,21349.5657
21137.61501,21349.5657,21417.95674
21154.47117,21417.95674,21420.0195
21166.62656,21420.0195,21494.01298
21172.99534,21494.01298,21494.16766
21185.04478,21494.16766,21499.91875
21206.07636,21499.91875,21546.53167
21371.21759,21546.53167,21548.88353
21397.46832,21548.88353,21572.46453
21398.55792,21572.46453,21582.56161
21412.61934,21582.56161,21600.78554
21415.60095,21600.78554,21649.73199
21438.48282,21649.73199,21661.23422
21449.40869,21661.23422,21664.42252
21477.29844,21664.42252,21691.85612
21488.79005,21691.85612,21724.08206
21519.09118,21724.08206,21742.28797
21607.0738,21742.28797,21768.5326
21669.59214,21768.5326,21785.84866
21707.49882,21785.84866,21789.71814
21754.39561,21789.71814,21807.90432
21769.94194,21807.90432,21812.71234
21830.17991,21830.17991,21848.84342
21865.31322,21865.31322,21865.5564
21907.48191,21907.48191,21922.75968
21913.04765,21922.75968,21926.10333
21952.8223,21952.8223,22026.98272
21976.40874,22026.98272,22038.84726
21977.29888,22038.84726,22157.40762
21981.06131,22157.40762,22173.22162
21994.03446,22173.22162,22199.29645
22015.13172,22199.29645,22275.31936
22045.7183,22275.31936,22295.86037
22103.70682,22295.86037,22309.19836
22134.57643,22309.19836,22355.85895
22220.03341,22355.85895,22459.86197
22222.06697,22459.86197,22532.64814
22237.06891,22532.64814,22615.08013
22290.44873,22615.08013,22654.92504
22296.09374,22654.92504,22687.2974
22313.45826,22687.2974,22753.10495
22368.80649,22753.10495,22763.1408
22390.98048,22763.1408,22770.80863
22550.98077,22770.80863,22792.89888
22602.3524,22792.89888,22810.6246
22605.9491,22810.6246,22840.78977
22635.00783,22840.78977,22866.97626
22687.30306,22866.97626,22894.22137
22790.06786,22894.22137,22982.34685
22809.49164,22982.34685,22984.20787
22828.21021,22984.20787,22986.46966
22873.93071,22986.46966,22987.33872
22907.85062,22987.33872,23011.62153
22909.32394,23011.62153,23026.16381
22936.20565,23026.16381,23063.8331
22939.79891,23063.8331,23115.11074
22961.07538,23115.11074,23194.91225
22978.70879,23194.91225,23211.68654
23005.61056,23211.68654,23254.49139
23059.97136,23254.49139,23266.43235
23078.82716,23266.43235,23295.79245
23087.47615,23295.79245,23343.99944
23093.00737,23343.99944,23352.0422
23097.91177,23352.0422,23438.49793
23126.48841,23438.49793,23486.11797
23149.00218,23486.11797,23501.155
23189.59144,23501.155,23530.69801
23200.11754,23530.69801,23534.54228
23254.06144,23534.54228,23545.34377
23296.87168,23545.34377,23553.7553
23331.60498,23553.7553,23579.67102
23339.61207,23579.67102,23613.14699
23349.04412,23613.14699,23662.11864
23352.75667,23662.11864,23707.56111
23376.71898,23707.56111,23743.79813
23433.77607,23743.79813,23761.97035
23441.46819,23761.97035,23776.19721
23477.66811,23776.19721,23812.7867
23509.10664,23812.7867,23862.74614
23526.02436,23862.74614,23863.46065
23538.62366,23863.46065,23894.65906
23564.63664,23894.65906,23938.08277
23630.50239,23938.08277,23949.79316
23631.25244,23949.79316,23985.22878
23774.30909,23985.22878,24060.66199
23798.01928,24060.66199,24104.2636
23858.59459,24104.2636,24122.14206
23885.99045,24122.14206,24138.95698
23910.56569,24138.95698,24144.38787
24001.08012,24144.38787,24147.21345
24020.10009,24147.21345,24164.45784
24039.09231,24164.45784,24223.28992
24072.70656,24223.28992,24231.14662
24082.00124,24231.14662,24231.85275
24100.22156,24231.85275,24260.28771
24117.33746,24260.28771,24283.26064
24140.42219,24283.26064,24357.23466
24171.13018,24357.23466,24530.03726
24206.38277,24530.03726,24543.48559
24221.05492,24543.48559,24556.38602
24276.39819,24556.38602,24642.22377
24287.8988,24642.22377,24653.54511
24311.78061,24653.54511,24682.83201
24361.95256,24682.83201,24690.03961
24443.20108,24690.03961,24702.12453
24444.424,24702.12453,24708.28693
24448.57417,24708.28693,24710.63188
24477.91801,24710.63188,24731.97122
24568.31491,24731.97122,24748.21043
24573.91681,24748.21043,24779.46197
24598.61374,24779.46197,24822.13179
24602.90111,24822.13179,24839.07947
24644.5256,24839.07947,24914.94344
24657.90455,24914.94344,24916.75542
24743.02034,24916.75542,24958.4086
24754.08231,24958.4086,25007.76971
24800.24087,25007.76971,25038.79859
24813.86595,25038.79859,25040.76739
24820.95163,25040.76739,25082.78523
24833.85713,25082.78523,25175.55303
24891.50972,25175.55303,25194.00248
24899.50294,25194.00248,25206.264
24911.35801,25206.264,25218.20218
24941.44242,25218.20218,25285.309
24951.12116,25285.309,25312.30674
25004.98006,25312.30674,25360.28459
25007.32593,25360.28459,25375.83861
25119.74382,25375.83861,25421.2642
25125.3294,25421.2642,25426.28095
25151.75656,25426.28095,25514.63201
25159.52573,25514.63201,25533.04634
25191.06331,25533.04634,25565.59635
25203.49045,25565.59635,25606.0159
25225.61952,25606.0159,25616.93659
25267.61046,25616.93659,25643.45323
25336.90169,25643.45323,25663.40311
25462.90482,25663.40311,25664.71044
25558.68184,25664.71044,25717.39957
25570.19627,25717.39957,25724.05239
25573.88769,25724.05239,25753.1141
25581.2611,25753.1141,25778.14914
25614.00392,25778.14914,25815.61725
25667.05875,25815.61725,25842.59322
25673.14934,25842.59322,25844.19053
25697.06231,25844.19053,25865.28932
25705.23644,25865.28932,25886.63453
25714.50867,25886.63453,25987.08098
25714.91454,25987.08098,25991.91218
25806.44459,25991.91218,25997.24385
25830.04955,25997.24385,26008.02373
25870.56275,26008.02373,26028.38411
25874.74322,26028.38411,26043.83136
25915.98361,26043.83136,26101.8107
25924.75648,26101.8107,26118.29103
26011.6113,26118.29103,26126.42167
26067.63156,26126.42167,26139.21416
26073.62396,26139.21416,26163.36011
26074.67883,26163.36011,26165.60951
26079.43073,26165.60951,26188.86984
26091.15393,26188.86984,26222.20951
26136.87179,26222.20951,26241.45031
26145.23556,26241.45031,26272.42791
26146.51541,26272.42791,26275.15313
26148.12024,26275.15313,26276.75679
26154.33769,26276.75679,26348.61404
26170.92686,26348.61404,26353.7425
26175.27243,26353.7425,26399.44975
26185.82508,26399.44975,26399.70088
26210.33082,26399.70088,26420.9149
26265.65957,26420.9149,26512.95009
26272.66231,26512.95009,26530.67898
26274.44379,26530.67898,26548.8013
26286.44785,26548.8013,26553.697
26305.54098,26553.697,26562.48439
26311.9719,26562.48439,26631.61931
26327.47732,26631.61931,26643.82461
26356.83128,26643.82461,26767.29239
26431.31929,26767.29239,26775.65736
26437.10967,26775.65736,26814.83901
26445.60077,26814.83901,26825.16806
26454.51899,26825.16806,26873.89652
26552.58394,26873.89652,26876.04937
26587.84176,26876.04937,26894.60402
26597.17374,26894.60402,26995.87417
26597.2781,26995.87417,27029.15953
26613.8651,27029.15953,27032.16156
26642.12638,27032.16156,27051.05066
26694.99442,27051.05066,27086.00231
26721.6322,27086.00231,27113.6591
26727.4018,27113.6591,27144.08307
26791.15937,27144.08307,27156.4014
26855.76597,27156.4014,27156.82594
26876.93364,27156.82594,27194.15791
26882.62423,27194.15791,27196.8995
26883.89871,27196.8995,27241.95301
26895.23857,27241.95301,27250.27481
26902.35813,27250.27481,27269.1979
26972.99086,27269.1979,27317.35806
27144.9273,27317.35806,27330.68825
27168.87807,27330.68825,27338.26861
27199.23035,27338.26861,27343.18735
27200.6757,27343.18735,27379.48953
27206.55795,27379.48953,27381.36744
27208.19967,27381.36744,27393.81237
27240.67565,27393.81237,27434.5891
27255.20969,27434.5891,27487.90464
27284.4703,27487.90464,27503.72877
27375.56311,27503.72877,27518.57339
27410.84324,27518.57339,27567.35918
27446.69853,27567.35918,27606.02416
27549.83133,27606.02416,27620.95522
27619.70997,27620.95522,27660.32169
27658.30877,27660.32169,27680.92654
27665.98296,27680.92654,27685.83429
27673.76853,27685.83429,27704.98318
27716.78169,27716.78169,27738.9764
27745.49868,27745.49868,27763.29187
27826.58674,27826.58674,27836.32189
27839.50705,27839.50705,27840.04807
27878.7357,27878.7357,27881.96491
27902.3969,27902.3969,27946.87461
27902.72776,27946.87461,28015.39742
27962.50037,28015.39742,28038.75332
28042.59327,28042.59327,28089.54326
28078.63361,28089.54326,28133.63952
28085.83408,28133.63952,28155.39577
28103.50435,28155.39577,28176.39482
28121.506,28176.39482,28232.39353
28155.44228,28232.39353,28293.73784
28183.22515,28293.73784,28302.73306
28196.82198,28302.73306,28323.90636
28220.20288,28323.90636,28326.33168
28228.62332,28326.33168,28388.0661
28300.90965,28388.0661,28397.59216
28338.97319,28397.59216,28406.9874
28360.12388,28406.9874,28415.88182
28422.2813,28422.2813,28474.24606
28429.32513,28474.24606,28518.92898
28432.00813,28518.92898,28542.46042
28446.26039,28542.46042,28559.90116
28480.80654,28559.90116,28560.01709
28489.66389,28560.01709,28565.97435
28500.12391,28565.97435,28576.71073
28550.85269,28576.71073,28577.6524
28586.28057,28586.28057,28646.76348
28592.98114,28646.76348,28699.32722
28596.80912,28699.32722,28746.72035
28603.79633,28746.72035,28809.62552
28618.78239,28809.62552,29019.28451
28651.37668,29019.28451,29083.10157
28683.73118,29083.10157,29103.03112
28779.63792,29103.03112,29142.90311
28781.79116,29142.90311,29183.76629
28809.72385,29183.76629,29240.99377
28901.40731,29240.99377,29260.85494
28914.83519,29260.85494,29265.83218
28980.37975,29265.83218,29282.36434
28985.51322,29282.36434,29284.68902
29055.51341,29284.68902,29322.04495
29099.02512,29322.04495,29350.12568
29123.0342,29350.12568,29362.22323
29132.89712,29362.22323,29369.76035
29183.75325,29369.76035,29470.86457
29201.2068,29470.86457,29510.2407
29218.00223,29510.2407,29521.74451
29220.7063,29521.74451,29552.9927
29221.89958,29552.9927,29584.86661
29223.19548,29584.86661,29590.13171
29319.42131,29590.13171,29621.34068
29402.56056,29621.34068,29693.04471
29403.06677,29693.04471,29731.89857
29422.71117,29731.89857,29753.64517
29423.4147,29753.64517,29802.90695
29511.00161,29802.90695,29834.97304
29535.34142,29834.97304,29875.60291
29562.80341,29875.60291,29918.43899
29608.32269,29918.43899,29931.6434
29651.09193,29931.6434,29960.50536
29655.49727,29960.50536,29964.11189
29732.81819,29964.11189,29987.01914
29785.33741,29987.01914,30008.8493
29791.08396,30008.8493,30011.68698
29860.36835,30011.68698,30060.84332
29869.83531,30060.84332,30091.94245
29935.98212,30091.94245,30139.24172
29955.76196,30139.24172,30161.66052
29962.82409,30161.66052,30216.06614
29989.09333,30216.06614,30268.4386
29997.89777,30268.4386,30279.59785
30059.17089,30279.59785,30280.34782
30060.25721,30280.34782,30330.44314
30106.41219,30330.44314,30346.59788
30129.74551,30346.59788,30368.83657
30162.31354,30368.83657,30375.99578
30225.14761,30375.99578,30408.05324
30234.75542,30408.05324,30410.35242
30280.46337,30410.35242,30411.22616
30286.30601,30411.22616,30452.88283
30313.87337,30452.88283,30454.01969
30330.88039,30454.01969,30471.24164
30400.7498,30471.24164,30529.23709
30444.17051,30529.23709,30537.85152
30480.1623,30537.85152,30547.63328
30491.13649,30547.63328,30561.20962
30495.09144,30561.20962,30576.54251
30499.51242,30576.54251,30623.2773
30503.72705,30623.2773,30631.24177
30550.44415,30631.24177,30636.11438
30620.88548,30636.11438,30642.46186
30705.47987,30705.47987,30717.70996
30744.40752,30744.40752,30750.94793
30754.11437,30754.11437,30758.78692
30760.17096,30760.17096,30763.90058
30761.32821,30763.90058,30768.09925
30767.42251,30768.09925,30796.47123
30779.28334,30796.47123,30807.24218
30783.07733,30807.24218,30809.27778
30812.14607,30812.14607,30827.11387
30823.7893,30827.11387,30830.93778
30832.62472,30832.62472,30861.82676
30858.90199,30861.82676,30889.10852
30866.924,30889.10852,30902.19201
30951.64072,30951.64072,30953.88394
30959.36167,30959.36167,31040.37792
31040.57873,31040.57873,31108.59931
31052.22669,31108.59931,31109.74334
31052.86539,31109.74334,31164.44745
31061.50539,31164.44745,31218.00913
31069.51042,31218.00913,31220.19926
31069.59472,31220.19926,31316.98414
31108.65785,31316.98414,31334.77295
31156.93954,31334.77295,31337.15194
31307.24546,31337.15194,31350.69065
31373.34527,31373.34527,31391.7758
31406.38183,31406.38183,31420.97658
31522.57993,31522.57993,31530.57582
31533.31056,31533.31056,31554.36941
31664.14404,31664.14404,31706.13557
31676.64347,31706.13557,31848.74648
31721.94766,31848.74648,31954.94185
31878.53199,31954.94185,31974.48336
31893.27274,31974.48336,31976.85502
31903.28758,31976.85502,32000.43432
31944.23536,32000.43432,32023.82867
32010.4692,32023.82867,32041.17247
32029.48799,32041.17247,32050.20394
32159.622,32159.622,32244.20129
32174.91859,32244.20129,32272.79539
32197.87854,32272.79539,32305.12473
32215.81721,32305.12473,32321.99665
32234.72856,32321.99665,32343.45976
32286.24697,32343.45976,32375.4641
32399.829,32399.829,32423.72824
32417.00643,32423.72824,32466.45446
32440.69922,32466.45446,32547.49303
32546.03999,32547.49303,32547.99336
32562.39346,32562.39346,32590.20135
32574.93665,32590.20135,32645.57683
32575.89146,32645.57683,32684.46326
32614.90765,32684.46326,32719.25982
32649.13225,32719.25982,32767.45053
32658.11621,32767.45053,32774.81067
32724.23694,32774.81067,32837.99583
32759.07824,32837.99583,32857.61577
32847.89013,32857.61577,32881.41736
32863.29709,32881.41736,32884.89312
32893.38347,32893.38347,32909.35347
32898.7924,32909.35347,32927.07049
32901.40539,32927.07049,32936.82981
32946.09428,32946.09428,32991.29183
32958.64954,32991.29183,32992.34579
33054.36482,33054.36482,33055.50102
33104.64347,33104.64347,33141.61743
33157.22547,33157.22547,33185.66096
33177.62855,33185.66096,33248.87134
33212.08523,33248.87134,33293.1312
33223.41422,33293.1312,33324.38687
33277.90832,33324.38687,33329.13186
33284.97702,33329.13186,33333.72632
33314.03547,33333.72632,33350.8062
33333.5615,33350.8062,33359.08463
33448.93753,33448.93753,33466.95128
33478.77384,33478.77384,33501.614
33534.90728,33534.90728,33632.8066
33553.44009,33632.8066,33658.35546
33554.44411,33658.35546,33668.41435
33555.56765,33668.41435,33702.70188
33586.78738,33702.70188,33797.80892
33628.39913,33797.80892,33820.10854
33647.40652,33820.10854,33836.43065
33656.0424,33836.43065,33886.56485
33681.91008,33886.56485,33935.94535
33686.26067,33935.94535,34018.10497
33797.71276,34018.10497,34021.67661
33893.90953,34021.67661,34032.06326
33910.62089,34032.06326,34046.99424
33942.46116,34046.99424,34077.17029
33943.12035,34077.17029,34077.98039
33958.81892,34077.98039,34114.37835
34032.95655,34114.37835,34150.75527
34104.2434,34150.75527,34211.04396
34143.02314,34211.04396,34218.23875
34165.3096,34218.23875,34294.40304
34379.60226,34379.60226,34386.06854
34391.36992,34391.36992,34432.03756
34460.43452,34460.43452,34606.82643
34467.88278,34606.82643,34662.83635
34493.25605,34662.83635,34678.10909
34543.1555,34678.10909,34721.05931
34626.88965,34721.05931,34721.65376
34637.67904,34721.65376,34837.5409
34698.44527,34837.5409,34840.84806
34711.27768,34840.84806,34858.15031
34742.47594,34858.15031,34935.22216
34882.24721,34935.22216,34941.15375
34897.65623,34941.15375,34966.257
34981.61365,34981.61365,34981.87802
35080.46093,35080.46093,35089.06879
35101.38383,35101.38383,35116.00016
35105.37525,35116.00016,35152.50256
35119.91399,35152.50256,35161.48774
35131.69813,35161.48774,35187.79165
35141.57572,35187.79165,35213.74624
35224.27173,35224.27173,35292.07379
35237.43886,35292.07379,35368.73427
35263.94333,35368.73427,35387.91172
35265.48324,35387.91172,35415.91645
35317.95642,35415.91645,35522.83853
35324.25621,35522.83853,35568.63616
35325.94931,35568.63616,35594.0952
35524.72406,35594.0952,35694.02826
35555.46933,35694.02826,35699.67728
35570.44696,35699.67728,35714.03932
35578.21711,35714.03932,35756.22352
35656.64323,35756.22352,35760.0095
35658.07073,35760.0095,35862.79381
35662.93163,35862.79381,35863.20158
35680.68357,35863.20158,35894.77066
35700.66715,35894.77066,35899.41617
35744.88295,35899.41617,35940.53687
35765.11427,35940.53687,35951.23386
35773.32442,35951.23386,35974.68942
35775.64378,35974.68942,35978.09527
35785.35819,35978.09527,36045.1197
35792.74785,36045.1197,36049.38244
35804.61941,36049.38244,36061.5303
35818.01952,36061.5303,36065.75297
35842.44486,36065.75297,36090.58411
35849.4568,36090.58411,36095.31654
35881.44665,36095.31654,36241.58827
35921.10521,36241.58827,36262.44323
36003.07653,36262.44323,36270.8137
36068.79108,36270.8137,36288.32803
36072.21516,36288.32803,36296.24878
36078.2366,36296.24878,36297.1029
36173.36049,36297.1029,36330.71859
36190.25878,36330.71859,36344.37624
36203.31122,36344.37624,36352.94208
36215.03563,36352.94208,36373.95021
36256.86873,36373.95021,36377.66793
36274.49075,36377.66793,36386.89202
36284.39495,36386.89202,36423.14176
36321.86502,36423.14176,36456.42922
36337.5988,36456.42922,36495.12143
36385.65398,36495.12143,36503.91913
36415.67226,36503.91913,36530.9043
36420.26366,36530.9043,36552.39677
36440.10336,36552.39677,36568.80736
36455.59427,36568.80736,36618.6237
36466.61361,36618.6237,36626.88523
36468.10721,36626.88523,36664.43852
36478.49472,36664.43852,36665.94448
36509.47439,36665.94448,36694.29037
36535.26635,36694.29037,36711.25041
36557.35084,36711.25041,36711.36518
36572.22584,36711.36518,36793.26854
36630.76413,36793.26854,36843.56337
36645.89533,36843.56337,36853.70352
36663.68679,36853.70352,36881.96399
36680.06893,36881.96399,36924.88433
36731.93641,36924.88433,36958.69019
36738.27045,36958.69019,36960.15151
36776.35359,36960.15151,37009.56053
36789.26604,37009.56053,37047.89466
36878.86664,37047.89466,37061.63297
36906.04511,37061.63297,37091.78918
36913.01823,37091.78918,37116.99574
36930.26305,37116.99574,37127.48615
36935.69026,37127.48615,37128.96725
36941.56982,37128.96725,37134.66469
36966.4747,37134.66469,37184.17395
36972.48829,37184.17395,37193.14317
36988.65318,37193.14317,37238.22809
37027.08447,37238.22809,37252.84352
37052.50921,37252.84352,37404.14913
37070.32031,37404.14913,37413.14526
37076.00905,37413.14526,37430.04238
37081.30429,37430.04238,37432.13745
37136.76555,37432.13745,37438.15761
37248.70608,37438.15761,37449.2462
37283.31796,37449.2462,37453.29492
37322.56872,37453.29492,37476.18329
37362.70613,37476.18329,37580.69368
37408.82941,37580.69368,37593.71397
37428.08584,37593.71397,37603.49712
37462.38725,37603.49712,37613.12952
37504.03122,37613.12952,37660.59729
37624.53088,37660.59729,37665.20995
37663.43508,37665.20995,37688.859
37667.53281,37688.859,37700.05397
37694.77272,37700.05397,37704.09406
37794.68701,37794.68701,37799.73887
37882.07447,37882.07447,37917.80553
37884.16135,37917.80553,37961.46729
37919.23401,37961.46729,37998.49473
38000.09609,38000.09609,38013.79087
38124.51869,38124.51869,38144.49027
38149.0652,38149.0652,38236.7225
38166.95477,38236.7225,38241.74397
38174.79189,38241.74397,38358.26028
38220.31314,38358.26028,38371.25648
38278.47015,38371.25648,38434.63266
38296.35735,38434.63266,38456.76975
38348.20676,38456.76975,38457.11949
38358.33957,38457.11949,38487.69881
38431.2895,38487.69881,38493.11001
38496.71419,38496.71419,38538.49349
38552.43749,38552.43749,38624.01673
38588.46717,38624.01673,38629.30744
38608.44311,38629.30744,38664.06305
38608.77324,38664.06305,38681.23028
38609.04882,38681.23028,38710.79732
38670.01784,38710.79732,38748.86792
38693.13911,38748.86792,38759.69879
38717.00224,38759.69879,38768.1189
38750.5907,38768.1189,38783.96537
38762.17444,38783.96537,38784.11295
38813.834,38813.834,38829.63618
38820.71795,38829.63618,38850.55804
38862.3812,38862.3812,38882.79782
38878.51979,38882.79782,38888.25578
38880.93144,38888.25578,38959.02946
38935.27028,38959.02946,38969.12517
38963.28617,38969.12517,38978.03213
38986.12187,38986.12187,38990.30587
38996.52495,38996.52495,39047.51912
39088.87635,39088.87635,39166.19733
39113.81255,39166.19733,39172.86966
39145.73157,39172.86966,39355.91443
39158.83381,39355.91443,39362.51503
39161.9405,39362.51503,39370.48904
39192.63503,39370.48904,39397.66031
39229.80169,39397.66031,39451.52479
39244.2751,39451.52479,39478.37422
39262.32956,39478.37422,39516.57991
39318.76634,39516.57991,39516.65008
39351.23985,39516.65008,39556.12504
39355.1219,39556.12504,39585.63716
39375.43866,39585.63716,39634.76877
39377.63838,39634.76877,39672.05388
39380.48104,39672.05388,39679.05207
39385.50832,39679.05207,39681.87899
39394.73558,39681.87899,39686.04748
39401.9661,39686.04748,39703.8051
39432.50391,39703.8051,39706.39628
39481.17248,39706.39628,39722.70461
39492.1352,39722.70461,39736.058
39538.45803,39736.058,39771.57547
39556.95558,39771.57547,39779.8646
39583.21691,39779.8646,39831.72566
39607.09392,39831.72566,39852.148
39668.93928,39852.148,39854.46554
39697.04256,39854.46554,39924.58066
39772.64897,39924.58066,39935.21751
39820.87246,39935.21751,39965.44543
39882.35232,39965.44543,39968.97787
39890.5958,39968.97787,39975.84245
39922.42088,39975.84245,39976.25365
39989.49702,39989.49702,40007.59094
40100.56515,40100.56515,40104.04311
40113.35458,40113.35458,40186.25167
40185.03644,40186.25167,40229.30091
40188.06178,40229.30091,40237.97577
40240.94071,40240.94071,40261.24686
40251.07831,40261.24686,40298.42859
40265.8022,40298.42859,40318.85361
40283.88845,40318.85361,40343.33573
40461.41329,40461.41329,40464.06006
40472.7054,40472.7054,40488.67062
40472.80773,40488.67062,40491.58224
40484.94287,40491.58224,40497.22321
40640.90669,40640.90669,40645.19356
40681.56543,40681.56543,40751.3794
40684.25258,40751.3794,40811.46816
40687.60302,40811.46816,40923.74188
40765.75289,40923.74188,40936.64048
40878.69298,40936.64048,41017.18381
40893.97377,41017.18381,41030.67323
40894.61844,41030.67323,41067.10416
40904.52151,41067.10416,41110.8536
40922.41288,41110.8536,41142.80487
40940.79416,41142.80487,41143.95156
41038.35006,41143.95156,41159.23936
41058.32124,41159.23936,41163.87659
41077.73155,41163.87659,41168.02491
41079.4608,41168.02491,41181.88738
41096.67999,41181.88738,41208.05503
41104.14327,41208.05503,41225.67766
41105.19813,41225.67766,41303.25778
41118.79067,41303.25778,41329.57145
41125.91478,41329.57145,41337.22383
41209.78347,41337.22383,41353.87598
41266.36052,41353.87598,41401.65903
41267.95026,41401.65903,41408.14748
41341.19202,41408.14748,41438.47579
41367.67173,41438.47579,41454.7558
41390.52746,41454.7558,41463.18456
41393.08594,41463.18456,41484.6586
41514.64155,41514.64155,41628.26676
41574.36051,41628.26676,41634.73131
41580.70067,41634.73131,41642.84783
41590.73291,41642.84783,41652.77601
41600.79768,41652.77601,41659.84336
41638.79763,41659.84336,41746.89063
41672.09862,41746.89063,41752.21607
41680.2547,41752.21607,41764.06261
41709.52665,41764.06261,41846.20071
41792.12645,41846.20071,41909.41601
41831.25836,41909.41601,41921.92373
41895.70094,41921.92373,41925.42077
41922.72548,41925.42077,41964.5577
41926.52368,41964.5577,41965.99669
41953.09021,41965.99669,42017.84277
41960.35727,42017.84277,42027.58734
41963.21815,42027.58734,42079.66429
41966.0044,42079.66429,42095.89127
42192.93479,42192.93479,42222.12004
42206.42321,42222.12004,42248.43297
42208.24103,42248.43297,42332.51397
42250.66617,42332.51397,42364.44617
42276.14202,42364.44617,42526.7893
42285.01716,42526.7893,42528.53077
42315.59755,42528.53077,42543.0852
42355.57307,42543.0852,42548.14787
42408.85081,42548.14787,42591.3646
42454.32802,42591.3646,42606.24098
42457.95118,42606.24098,42635.88079
42480.43529,42635.88079,42655.83673
42483.71334,42655.83673,42670.96366
42486.55587,42670.96366,42689.41111
42520.70032,42689.41111,42723.57962
42521.2295,42723.57962,42745.31384
42543.41673,42745.31384,42756.83476
42548.25284,42756.83476,42757.38017
42673.7014,42757.38017,42777.06137
42674.65185,42777.06137,42799.10692
42685.64761,42799.10692,42808.53702
42723.35847,42808.53702,42857.58495
42777.72193,42857.58495,42858.18893
42805.53076,42858.18893,42954.23677
42838.83772,42954.23677,42965.57729
42848.17301,42965.57729,43008.26406
42863.73936,43008.26406,43017.07437
42866.33461,43017.07437,43019.78348
42908.29058,43019.78348,43045.9247
42924.71985,43045.9247,43054.08215
42927.83282,43054.08215,43157.54136
42992.93532,43157.54136,43204.34987
43057.88526,43204.34987,43289.66645
43144.00735,43289.66645,43297.75741
43161.70192,43297.75741,43303.83463
43210.01693,43303.83463,43343.11792
43222.50704,43343.11792,43343.79366
43276.96989,43343.79366,43350.49744
43305.13242,43350.49744,43433.498
43322.82881,43433.498,43489.72246
43366.24687,43489.72246,43553.4232
43442.3019,43553.4232,43599.05097
43485.46552,43599.05097,43602.90738
43508.31317,43602.90738,43650.06909
43552.43828,43650.06909,43694.81408
43561.44381,43694.81408,43722.45566
43571.09124,43722.45566,43763.01982
43580.00896,43763.01982,43792.05855
43635.63152,43792.05855,43797.57118
43738.89269,43797.57118,43829.43183
43823.9685,43829.43183,43861.08082
43878.73321,43878.73321,43919.96026
43901.93631,43919.96026,44016.54061
43947.61893,44016.54061,44020.38348
43977.56502,44020.38348,44052.14693
44016.00094,44052.14693,44077.92731
44017.72191,44077.92731,44086.93157
44058.63842,44086.93157,44138.38051
44070.36411,44138.38051,44193.73237
44081.40879,44193.73237,44198.43746
44084.87544,44198.43746,44365.74873
44110.9188,44365.74873,44389.47367
44133.45912,44389.47367,44426.057
44149.25476,44426.057,44427.47245
44174.327,44427.47245,44429.00352
44334.82483,44429.00352,44430.43007
44344.30229,44430.43007,44457.7902
44391.70062,44457.7902,44497.1206
44392.12162,44497.1206,44570.68503
44444.18896,44570.68503,44593.80137
44444.19665,44593.80137,44613.21514
44460.06087,44613.21514,44648.78301
44479.05855,44648.78301,44689.58042
44504.04958,44689.58042,44751.95346
44534.32491,44751.95346,44755.23306
44594.93997,44755.23306,44776.69857
44606.66905,44776.69857,44792.46855
44610.74809,44792.46855,44813.98492
44704.122,44813.98492,44841.04337
44725.53564,44841.04337,44842.74533
44742.76908,44842.74533,44865.98652
44772.57353,44865.98652,44901.37664
44789.69456,44901.37664,44915.0304
44792.70723,44915.0304,44916.85937
44819.24612,44916.85937,45011.78217
44838.3907,45011.78217,45045.0429
44930.64455,45045.0429,45063.90449
44941.85186,45063.90449,45094.99744
44985.52115,45094.99744,45108.28189
45065.64292,45108.28189,45135.29716
45075.67728,45135.29716,45149.57496
45111.55111,45149.57496,45181.7694
45159.43857,45181.7694,45199.59822
45331.66053,45331.66053,45373.17621
45358.98085,45373.17621,45421.62967
45413.20623,45421.62967,45425.06501
45438.01108,45438.01108,45454.75814
45455.70381,45455.70381,45580.64537
45508.96866,45580.64537,45593.90275
45527.04691,45593.90275,45612.51466
45544.08627,45612.51466,45614.05551
45705.7672,45705.7672,45705.8984
45729.57828,45729.57828,45764.35087
45907.22074,45907.22074,45917.59478
45917.23759,45917.59478,45982.79025
45935.30681,45982.79025,46023.75302
45944.52763,46023.75302,46035.84974
45963.32022,46035.84974,46051.35115
46134.26087,46134.26087,46135.1785
46148.71501,46148.71501,46185.84091
46184.48591,46185.84091,46224.86045
46198.47149,46224.86045,46240.70534
46204.35805,46240.70534,46242.411
46216.79768,46242.411,46309.57594
46222.93199,46309.57594,46328.48127
46230.20402,46328.48127,46338.98381
46362.04432,46362.04432,46378.40428
46371.80769,46378.40428,46380.5484
46536.54567,46536.54567,46543.94073
46618.51006,46618.51006,46624.48879
46633.33162,46633.33162,46675.66291
46663.23901,46675.66291,46806.57342
46742.17561,46806.57342,46832.71209
46748.21604,46832.71209,46867.9673
46797.84788,46867.9673,46900.58812
46817.85143,46900.58812,46964.25054
46841.76944,46964.25054,46986.2885
46847.08556,46986.2885,46990.28245
46851.68023,46990.28245,47004.50879
46936.2172,47004.50879,47019.10957
46997.70413,47019.10957,47041.15661
47021.2007,47041.15661,47095.37172
47056.91604,47095.37172,47096.08782
47163.8617,47163.8617,47164.02985
47165.34592,47165.34592,47208.02389
47180.42137,47208.02389,47224.47073
47186.51631,47224.47073,47230.97201
47230.56817,47230.97201,47239.51078
47254.84834,47254.84834,47273.18533
47261.35385,47273.18533,47278.70734
47263.48601,47278.70734,47312.28231
47356.19492,47356.19492,47360.51134
47377.27878,47377.27878,47397.29089
47488.87316,47488.87316,47561.8614
47541.20894,47561.8614,47566.75161
47568.2811,47568.2811,47591.92083
47598.94947,47598.94947,47600.54694
47613.51822,47613.51822,47864.10912
47619.82766,47864.10912,47877.95223
47628.1431,47877.95223,47890.45688
47650.62586,47890.45688,47902.46386
47667.08611,47902.46386,47937.66319
47736.51046,47937.66319,48007.72257
47806.5809,48007.72257,48009.31723
47859.07693,48009.31723,48034.70627
47903.59096,48034.70627,48059.6589
47910.23894,48059.6589,48063.62895
47934.0367,48063.62895,48076.50697
47940.87194,48076.50697,48083.44339
47972.71087,48083.44339,48114.67173
47979.77542,48114.67173,48128.19653
47996.29392,48128.19653,48140.6613
48008.80077,48140.6613,48195.14312
48035.81221,48195.14312,48318.91142
48046.12674,48318.91142,48380.89577
48100.0053,48380.89577,48440.19483
48106.74579,48440.19483,48455.78459
48128.40483,48455.78459,48472.70663
48168.66924,48472.70663,48486.58419
48181.29434,48486.58419,48492.52515
48211.19731,48492.52515,48495.61788
48223.50926,48495.61788,48531.87091
48230.24395,48531.87091,48572.18548
48260.22692,48572.18548,48581.55318
48285.13875,48581.55318,48583.2368
48295.66845,48583.2368,48627.17541
48312.10465,48627.17541,48632.58616
48312.89587,48632.58616,48636.70669
48334.01516,48636.70669,48649.90354
48334.67233,48649.90354,48658.84813
48378.39893,48658.84813,48665.61337
48431.04577,48665.61337,48819.63875
48517.2031,48819.63875,48822.1245
48532.75618,48822.1245,48837.76572
48545.63483,48837.76572,48854.79266
48614.82091,48854.79266,48892.25441
48633.93364,48892.25441,49047.58961
48651.05775,49047.58961,49052.54724
48693.82365,49052.54724,49075.2161
48725.57696,49075.2161,49088.83572
48772.56497,49088.83572,49141.86224
48779.72429,49141.86224,49212.78525
48796.28665,49212.78525,49236.85809
48818.30779,49236.85809,49263.49148
48836.19725,49263.49148,49291.71445
48841.38164,49291.71445,49347.44243
48945.44128,49347.44243,49347.65152
49000.25101,49347.65152,49350.57939
49009.69604,49350.57939,49362.75974
49009.99128,49362.75974,49390.98906
49032.05447,49390.98906,49438.90114
49065.82932,49438.90114,49444.92955
49066.85324,49444.92955,49467.0848
49223.59296,49467.0848,49507.69958
49226.64811,49507.69958,49511.2029
49228.5397,49511.2029,49527.65817
49268.0099,49527.65817,49529.39875
49272.5805,49529.39875,49565.0486
49300.26404,49565.0486,49573.03231
49453.40928,49573.03231,49585.74469
49475.15808,49585.74469,49592.82992
49547.95846,49592.82992,49620.79558
49580.94211,49620.79558,49642.71253
49582.23188,49642.71253,49643.33285
49591.59001,49643.33285,49670.22936
49631.53408,49670.22936,49788.88648
49641.29235,49788.88648,49844.4924
49688.79158,49844.4924,49865.43014
49749.02035,49865.43014,49915.94125
49756.71248,49915.94125,49916.12942
49757.83258,49916.12942,49951.64368
49761.68064,49951.64368,49988.0769
49817.5219,49988.0769,49997.84567
